category_name,name,rating,votes,address
Banquet_Halls,Ghayathri Mini Hall Ac,5.0,6,"18, Arni Road, Bagayam, Vellore - 632002"
Banquet_Halls,Dhanamsathyan Mahal Ac,4.8,6,"1/118, Dharmapuri Main Road, Kakankar Railway Station, Vellore - 635654, Kakangarai"
Banquet_Halls,Shree Lakshmi Function Hall,4.1,2,"26, New Thiruvalam Road Vit Road, KATPADI VELLORE, Vellore - 632002, Near Chittoor Bus Stand"
Banquet_Halls,Pm Mahal Ac,4.5,2,"5/4, Vellore to Arni Road-Adukkamparai, Adukkamparai, Vellore - 632011, Opposite to EB Office"
Banquet_Halls,Lts Mahal Ac,5.0,9,"-203/1B2 6B , Ramalingam Nagar, Arni Road, Edayansathu, Vellore - 632002, Near HP Petrol Bunk"
Banquet_Halls,Baby Residency,4.0,9,"7, Officers Line Anna Salai, Krishna Nagar, Vellore - 632001, Opp Dig Bangla"
Banquet_Halls,Hotel Mount Paradise,3.7,4,"37, Vellore Bye Pass Road, Sathuvacheri, Vellore - 632009, Next to Collector Office"
Banquet_Halls,Sri Narayani Mahal,4.5,4,"rumalaikodi, Ariyur, Vellore - 632055, Near Golden Temple"
Banquet_Halls,Bagiyam & Nadham Function H..,4.5,4,"ST FLOOR LRK EMPIRE BUILDING, # 58 ANNA SALAI, KRISHNA NAGAR, Vellore - 632001, NEXT To LAKSHMI THEATER"
Banquet_Halls,Sri Gajalakshmi Arangam,4.1,4,", Arni Road, Sainathapuram, Vellore - 632001, Near Pillaiyar Kovil Opposite"
Banquet_Halls,Shree Lakshmi Function Hall,4.1,9,"26, New Thiruvalam Road Vit Road, KATPADI VELLORE, Vellore - 632002, Near Chittoor Bus Stand"
Banquet_Halls,Ghayathri Mini Hall Ac,5.0,9,"18, Arni Road, Bagayam, Vellore - 632002"
Banquet_Halls,Dhanamsathyan Mahal Ac,4.8,6,"1/118, Dharmapuri Main Road, Kakankar Railway Station, Vellore - 635654, Kakangarai"
Banquet_Halls,Lts Mahal Ac,5.0,6,"-203/1B2 6B , Ramalingam Nagar, Arni Road, Edayansathu, Vellore - 632002, Near HP Petrol Bunk"
Banquet_Halls,Pm Mahal Ac,4.5,2,"5/4, Vellore to Arni Road-Adukkamparai, Adukkamparai, Vellore - 632011, Opposite to EB Office"
Banquet_Halls,Hotel Mount Paradise,3.7,2,"37, Vellore Bye Pass Road, Sathuvacheri, Vellore - 632009, Next to Collector Office"
Banquet_Halls,Baby Residency,4.0,4,"7, Officers Line Anna Salai, Krishna Nagar, Vellore - 632001, Opp Dig Bangla"
Banquet_Halls,Sri Narayani Mahal,4.5,4,"rumalaikodi, Ariyur, Vellore - 632055, Near Golden Temple"
Banquet_Halls,Bagiyam & Nadham Function H..,4.5,4,"ST FLOOR LRK EMPIRE BUILDING, # 58 ANNA SALAI, KRISHNA NAGAR, Vellore - 632001, NEXT To LAKSHMI THEATER"
Banquet_Halls,Sri Gajalakshmi Arangam,4.1,4,", Arni Road, Sainathapuram, Vellore - 632001, Near Pillaiyar Kovil Opposite"
Banquet_Halls,Shree Lakshmi Function Hall,4.1,9,"26, New Thiruvalam Road Vit Road, KATPADI VELLORE, Vellore - 632002, Near Chittoor Bus Stand"
Banquet_Halls,Ghayathri Mini Hall Ac,5.0,9,"18, Arni Road, Bagayam, Vellore - 632002"
Banquet_Halls,Dhanamsathyan Mahal Ac,4.8,6,"1/118, Dharmapuri Main Road, Kakankar Railway Station, Vellore - 635654, Kakangarai"
Banquet_Halls,Lts Mahal Ac,5.0,6,"-203/1B2 6B , Ramalingam Nagar, Arni Road, Edayansathu, Vellore - 632002, Near HP Petrol Bunk"
Banquet_Halls,Pm Mahal Ac,4.5,2,"5/4, Vellore to Arni Road-Adukkamparai, Adukkamparai, Vellore - 632011, Opposite to EB Office"
Banquet_Halls,Hotel Mount Paradise,3.7,2,"37, Vellore Bye Pass Road, Sathuvacheri, Vellore - 632009, Next to Collector Office"
Banquet_Halls,Baby Residency,4.0,4,"7, Officers Line Anna Salai, Krishna Nagar, Vellore - 632001, Opp Dig Bangla"
Banquet_Halls,Sri Narayani Mahal,4.5,4,"rumalaikodi, Ariyur, Vellore - 632055, Near Golden Temple"
Banquet_Halls,Bagiyam & Nadham Function H..,4.5,4,"ST FLOOR LRK EMPIRE BUILDING, # 58 ANNA SALAI, KRISHNA NAGAR, Vellore - 632001, NEXT To LAKSHMI THEATER"
Banquet_Halls,Sri Gajalakshmi Arangam,4.1,4,", Arni Road, Sainathapuram, Vellore - 632001, Near Pillaiyar Kovil Opposite"
Banquet_Halls,Shree Lakshmi Function Hall,4.1,9,"26, New Thiruvalam Road Vit Road, KATPADI VELLORE, Vellore - 632002, Near Chittoor Bus Stand"
Banquet_Halls,Lts Mahal Ac,5.0,9,"-203/1B2 6B , Ramalingam Nagar, Arni Road, Edayansathu, Vellore - 632002, Near HP Petrol Bunk"
Banquet_Halls,Ghayathri Mini Hall Ac,5.0,4,"18, Arni Road, Bagayam, Vellore - 632002"
Banquet_Halls,Pm Mahal Ac,4.5,4,"5/4, Vellore to Arni Road-Adukkamparai, Adukkamparai, Vellore - 632011, Opposite to EB Office"
Banquet_Halls,Hotel Mount Paradise,3.7,6,"37, Vellore Bye Pass Road, Sathuvacheri, Vellore - 632009, Next to Collector Office"
Banquet_Halls,Dhanamsathyan Mahal Ac,4.8,6,"1/118, Dharmapuri Main Road, Kakankar Railway Station, Vellore - 635654, Kakangarai"
Banquet_Halls,Baby Residency,4.0,4,"7, Officers Line Anna Salai, Krishna Nagar, Vellore - 632001, Opp Dig Bangla"
Banquet_Halls,Benzz Park,3.9,4,"4, Dharmaraja Koil Street, Old Katpadi Road, Vellore Ho, Vellore - 632001, Next to Pachayappas Silk & Old National Theatre"
Banquet_Halls,Durga Mahal Ac,4.1,599,"padi to Gudiyattam Road, Katpadi Road, KATPADI VELLORE, Vellore - 632002, Kizhvadugankuttai"
Banquet_Halls,Srinivas Thirumana Mandapam,3.5,599,"6 Vaisha Complex, Arni Road, Bagayam, Vellore - 632002, Near Govt Arts College"
Banquet_Halls,Shree Lakshmi Function Hall,4.1,9,"26, New Thiruvalam Road Vit Road, KATPADI VELLORE, Vellore - 632002, Near Chittoor Bus Stand"
Banquet_Halls,Ghayathri Mini Hall Ac,5.0,9,"18, Arni Road, Bagayam, Vellore - 632002"
Banquet_Halls,Dhanamsathyan Mahal Ac,4.8,6,"1/118, Dharmapuri Main Road, Kakankar Railway Station, Vellore - 635654, Kakangarai"
Banquet_Halls,Lts Mahal Ac,5.0,6,"-203/1B2 6B , Ramalingam Nagar, Arni Road, Edayansathu, Vellore - 632002, Near HP Petrol Bunk"
Banquet_Halls,Pm Mahal Ac,4.5,2,"5/4, Vellore to Arni Road-Adukkamparai, Adukkamparai, Vellore - 632011, Opposite to EB Office"
Banquet_Halls,Hotel Mount Paradise,3.7,2,"37, Vellore Bye Pass Road, Sathuvacheri, Vellore - 632009, Next to Collector Office"
Banquet_Halls,Baby Residency,4.0,4,"7, Officers Line Anna Salai, Krishna Nagar, Vellore - 632001, Opp Dig Bangla"
Banquet_Halls,Sri Narayani Mahal,4.5,4,"rumalaikodi, Ariyur, Vellore - 632055, Near Golden Temple"
Banquet_Halls,Bagiyam & Nadham Function H..,4.5,4,"ST FLOOR LRK EMPIRE BUILDING, # 58 ANNA SALAI, KRISHNA NAGAR, Vellore - 632001, NEXT To LAKSHMI THEATER"
Banquet_Halls,Sri Gajalakshmi Arangam,4.1,4,", Arni Road, Sainathapuram, Vellore - 632001, Near Pillaiyar Kovil Opposite"
Banquet_Halls,Shree Lakshmi Function Hall,4.1,9,"26, New Thiruvalam Road Vit Road, KATPADI VELLORE, Vellore - 632002, Near Chittoor Bus Stand"
Banquet_Halls,Lts Mahal Ac,5.0,9,"-203/1B2 6B , Ramalingam Nagar, Arni Road, Edayansathu, Vellore - 632002, Near HP Petrol Bunk"
Banquet_Halls,Pm Mahal Ac,4.5,4,"5/4, Vellore to Arni Road-Adukkamparai, Adukkamparai, Vellore - 632011, Opposite to EB Office"
Banquet_Halls,Ghayathri Mini Hall Ac,5.0,4,"18, Arni Road, Bagayam, Vellore - 632002"
Banquet_Halls,Hotel Mount Paradise,3.7,4,"37, Vellore Bye Pass Road, Sathuvacheri, Vellore - 632009, Next to Collector Office"
Banquet_Halls,Dhanamsathyan Mahal Ac,4.8,4,"1/118, Dharmapuri Main Road, Kakankar Railway Station, Vellore - 635654, Kakangarai"
Banquet_Halls,Baby Residency,4.0,6,"7, Officers Line Anna Salai, Krishna Nagar, Vellore - 632001, Opp Dig Bangla"
Banquet_Halls,Benzz Park,3.9,6,"4, Dharmaraja Koil Street, Old Katpadi Road, Vellore Ho, Vellore - 632001, Next to Pachayappas Silk & Old National Theatre"
Banquet_Halls,Durga Mahal Ac,4.1,599,"padi to Gudiyattam Road, Katpadi Road, KATPADI VELLORE, Vellore - 632002, Kizhvadugankuttai"
Banquet_Halls,Srinivas Thirumana Mandapam,3.5,599,"6 Vaisha Complex, Arni Road, Bagayam, Vellore - 632002, Near Govt Arts College"
Banquet_Halls,Shree Lakshmi Function Hall,4.1,9,"26, New Thiruvalam Road Vit Road, KATPADI VELLORE, Vellore - 632002, Near Chittoor Bus Stand"
Banquet_Halls,Dhanamsathyan Mahal Ac,4.8,9,"1/118, Dharmapuri Main Road, Kakankar Railway Station, Vellore - 635654, Kakangarai"
Banquet_Halls,Lts Mahal Ac,5.0,2,"-203/1B2 6B , Ramalingam Nagar, Arni Road, Edayansathu, Vellore - 632002, Near HP Petrol Bunk"
Banquet_Halls,Ghayathri Mini Hall Ac,5.0,2,"18, Arni Road, Bagayam, Vellore - 632002"
Banquet_Halls,Pm Mahal Ac,4.5,4,"5/4, Vellore to Arni Road-Adukkamparai, Adukkamparai, Vellore - 632011, Opposite to EB Office"
Banquet_Halls,Hotel Mount Paradise,3.7,4,"37, Vellore Bye Pass Road, Sathuvacheri, Vellore - 632009, Next to Collector Office"
Banquet_Halls,Baby Residency,4.0,6,"7, Officers Line Anna Salai, Krishna Nagar, Vellore - 632001, Opp Dig Bangla"
Banquet_Halls,Sri Narayani Mahal,4.5,6,"rumalaikodi, Ariyur, Vellore - 632055, Near Golden Temple"
Banquet_Halls,Bagiyam & Nadham Function H..,4.5,4,"ST FLOOR LRK EMPIRE BUILDING, # 58 ANNA SALAI, KRISHNA NAGAR, Vellore - 632001, NEXT To LAKSHMI THEATER"
Banquet_Halls,Sri Gajalakshmi Arangam,4.1,4,", Arni Road, Sainathapuram, Vellore - 632001, Near Pillaiyar Kovil Opposite"
Banquet_Halls,Shree Lakshmi Function Hall,4.1,9,"26, New Thiruvalam Road Vit Road, KATPADI VELLORE, Vellore - 632002, Near Chittoor Bus Stand"
Banquet_Halls,Lts Mahal Ac,5.0,9,"-203/1B2 6B , Ramalingam Nagar, Arni Road, Edayansathu, Vellore - 632002, Near HP Petrol Bunk"
Banquet_Halls,Dhanamsathyan Mahal Ac,4.8,4,"1/118, Dharmapuri Main Road, Kakankar Railway Station, Vellore - 635654, Kakangarai"
Banquet_Halls,Ghayathri Mini Hall Ac,5.0,4,"18, Arni Road, Bagayam, Vellore - 632002"
Banquet_Halls,Pm Mahal Ac,4.5,2,"5/4, Vellore to Arni Road-Adukkamparai, Adukkamparai, Vellore - 632011, Opposite to EB Office"
Banquet_Halls,Hotel Mount Paradise,3.7,2,"37, Vellore Bye Pass Road, Sathuvacheri, Vellore - 632009, Next to Collector Office"
Banquet_Halls,Baby Residency,4.0,6,"7, Officers Line Anna Salai, Krishna Nagar, Vellore - 632001, Opp Dig Bangla"
Banquet_Halls,Sri Narayani Mahal,4.5,6,"rumalaikodi, Ariyur, Vellore - 632055, Near Golden Temple"
Banquet_Halls,Bagiyam & Nadham Function H..,4.5,4,"ST FLOOR LRK EMPIRE BUILDING, # 58 ANNA SALAI, KRISHNA NAGAR, Vellore - 632001, NEXT To LAKSHMI THEATER"
Banquet_Halls,Sri Gajalakshmi Arangam,4.1,4,", Arni Road, Sainathapuram, Vellore - 632001, Near Pillaiyar Kovil Opposite"
Banquet_Halls,Shree Lakshmi Function Hall,4.1,9,"26, New Thiruvalam Road Vit Road, KATPADI VELLORE, Vellore - 632002, Near Chittoor Bus Stand"
Banquet_Halls,Lts Mahal Ac,5.0,9,"-203/1B2 6B , Ramalingam Nagar, Arni Road, Edayansathu, Vellore - 632002, Near HP Petrol Bunk"
Banquet_Halls,Ghayathri Mini Hall Ac,5.0,4,"18, Arni Road, Bagayam, Vellore - 632002"
Banquet_Halls,Pm Mahal Ac,4.5,4,"5/4, Vellore to Arni Road-Adukkamparai, Adukkamparai, Vellore - 632011, Opposite to EB Office"
Banquet_Halls,Hotel Mount Paradise,3.7,6,"37, Vellore Bye Pass Road, Sathuvacheri, Vellore - 632009, Next to Collector Office"
Banquet_Halls,Dhanamsathyan Mahal Ac,4.8,6,"1/118, Dharmapuri Main Road, Kakankar Railway Station, Vellore - 635654, Kakangarai"
Banquet_Halls,Baby Residency,4.0,4,"7, Officers Line Anna Salai, Krishna Nagar, Vellore - 632001, Opp Dig Bangla"
Banquet_Halls,Benzz Park,3.9,4,"4, Dharmaraja Koil Street, Old Katpadi Road, Vellore Ho, Vellore - 632001, Next to Pachayappas Silk & Old National Theatre"
Banquet_Halls,Durga Mahal Ac,4.1,599,"padi to Gudiyattam Road, Katpadi Road, KATPADI VELLORE, Vellore - 632002, Kizhvadugankuttai"
Banquet_Halls,Srinivas Thirumana Mandapam,3.5,599,"6 Vaisha Complex, Arni Road, Bagayam, Vellore - 632002, Near Govt Arts College"
Banquet_Halls,Ghayathri Mini Hall Ac,5.0,6,"18, Arni Road, Bagayam, Vellore - 632002"
Banquet_Halls,Dhanamsathyan Mahal Ac,4.8,6,"1/118, Dharmapuri Main Road, Kakankar Railway Station, Vellore - 635654, Kakangarai"
Banquet_Halls,Lts Mahal Ac,5.0,2,"-203/1B2 6B , Ramalingam Nagar, Arni Road, Edayansathu, Vellore - 632002, Near HP Petrol Bunk"
Banquet_Halls,Pm Mahal Ac,4.5,2,"5/4, Vellore to Arni Road-Adukkamparai, Adukkamparai, Vellore - 632011, Opposite to EB Office"
Banquet_Halls,Shree Lakshmi Function Hall,4.1,4,"26, New Thiruvalam Road Vit Road, KATPADI VELLORE, Vellore - 632002, Near Chittoor Bus Stand"
Banquet_Halls,Hotel Mount Paradise,3.7,4,"37, Vellore Bye Pass Road, Sathuvacheri, Vellore - 632009, Next to Collector Office"
Banquet_Halls,Baby Residency,4.0,4,"7, Officers Line Anna Salai, Krishna Nagar, Vellore - 632001, Opp Dig Bangla"
Banquet_Halls,Sri Narayani Mahal,4.5,4,"rumalaikodi, Ariyur, Vellore - 632055, Near Golden Temple"
Banquet_Halls,Benzz Park,3.9,9,"4, Dharmaraja Koil Street, Old Katpadi Road, Vellore Ho, Vellore - 632001, Next to Pachayappas Silk & Old National Theatre"
Banquet_Halls,Bagiyam & Nadham Function H..,4.5,9,"ST FLOOR LRK EMPIRE BUILDING, # 58 ANNA SALAI, KRISHNA NAGAR, Vellore - 632001, NEXT To LAKSHMI THEATER"
Banquet_Halls,Ghayathri Mini Hall Ac,5.0,6,"18, Arni Road, Bagayam, Vellore - 632002"
Banquet_Halls,Dhanamsathyan Mahal Ac,4.8,6,"1/118, Dharmapuri Main Road, Kakankar Railway Station, Vellore - 635654, Kakangarai"
Banquet_Halls,Lts Mahal Ac,5.0,2,"-203/1B2 6B , Ramalingam Nagar, Arni Road, Edayansathu, Vellore - 632002, Near HP Petrol Bunk"
Banquet_Halls,Pm Mahal Ac,4.5,2,"5/4, Vellore to Arni Road-Adukkamparai, Adukkamparai, Vellore - 632011, Opposite to EB Office"
Banquet_Halls,Shree Lakshmi Function Hall,4.1,4,"26, New Thiruvalam Road Vit Road, KATPADI VELLORE, Vellore - 632002, Near Chittoor Bus Stand"
Banquet_Halls,Hotel Mount Paradise,3.7,4,"37, Vellore Bye Pass Road, Sathuvacheri, Vellore - 632009, Next to Collector Office"
Banquet_Halls,Baby Residency,4.0,4,"7, Officers Line Anna Salai, Krishna Nagar, Vellore - 632001, Opp Dig Bangla"
Banquet_Halls,Sri Narayani Mahal,4.5,4,"rumalaikodi, Ariyur, Vellore - 632055, Near Golden Temple"
Banquet_Halls,Benzz Park,3.9,9,"4, Dharmaraja Koil Street, Old Katpadi Road, Vellore Ho, Vellore - 632001, Next to Pachayappas Silk & Old National Theatre"
Banquet_Halls,Bagiyam & Nadham Function H..,4.5,9,"ST FLOOR LRK EMPIRE BUILDING, # 58 ANNA SALAI, KRISHNA NAGAR, Vellore - 632001, NEXT To LAKSHMI THEATER"
Banquet_Halls,Shree Lakshmi Function Hall,4.1,9,"26, New Thiruvalam Road Vit Road, KATPADI VELLORE, Vellore - 632002, Near Chittoor Bus Stand"
Banquet_Halls,Lts Mahal Ac,5.0,9,"-203/1B2 6B , Ramalingam Nagar, Arni Road, Edayansathu, Vellore - 632002, Near HP Petrol Bunk"
Banquet_Halls,Pm Mahal Ac,4.5,4,"5/4, Vellore to Arni Road-Adukkamparai, Adukkamparai, Vellore - 632011, Opposite to EB Office"
Banquet_Halls,Dhanamsathyan Mahal Ac,4.8,4,"1/118, Dharmapuri Main Road, Kakankar Railway Station, Vellore - 635654, Kakangarai"
Banquet_Halls,Ghayathri Mini Hall Ac,5.0,4,"18, Arni Road, Bagayam, Vellore - 632002"
Banquet_Halls,Hotel Mount Paradise,3.7,4,"37, Vellore Bye Pass Road, Sathuvacheri, Vellore - 632009, Next to Collector Office"
Banquet_Halls,Baby Residency,4.0,2,"7, Officers Line Anna Salai, Krishna Nagar, Vellore - 632001, Opp Dig Bangla"
Banquet_Halls,Benzz Park,3.9,2,"4, Dharmaraja Koil Street, Old Katpadi Road, Vellore Ho, Vellore - 632001, Next to Pachayappas Silk & Old National Theatre"
Banquet_Halls,Durga Mahal Ac,4.1,6,"padi to Gudiyattam Road, Katpadi Road, KATPADI VELLORE, Vellore - 632002, Kizhvadugankuttai"
Banquet_Halls,Srinivas Thirumana Mandapam,3.5,6,"6 Vaisha Complex, Arni Road, Bagayam, Vellore - 632002, Near Govt Arts College"
Banquet_Halls,Ghayathri Mini Hall Ac,5.0,6,"18, Arni Road, Bagayam, Vellore - 632002"
Banquet_Halls,Shree Lakshmi Function Hall,4.1,6,"26, New Thiruvalam Road Vit Road, KATPADI VELLORE, Vellore - 632002, Near Chittoor Bus Stand"
Banquet_Halls,Dhanamsathyan Mahal Ac,4.8,9,"1/118, Dharmapuri Main Road, Kakankar Railway Station, Vellore - 635654, Kakangarai"
Banquet_Halls,Pm Mahal Ac,4.5,9,"5/4, Vellore to Arni Road-Adukkamparai, Adukkamparai, Vellore - 632011, Opposite to EB Office"
Banquet_Halls,Lts Mahal Ac,5.0,2,"-203/1B2 6B , Ramalingam Nagar, Arni Road, Edayansathu, Vellore - 632002, Near HP Petrol Bunk"
Banquet_Halls,Hotel Mount Paradise,3.7,2,"37, Vellore Bye Pass Road, Sathuvacheri, Vellore - 632009, Next to Collector Office"
Banquet_Halls,Baby Residency,4.0,4,"7, Officers Line Anna Salai, Krishna Nagar, Vellore - 632001, Opp Dig Bangla"
Banquet_Halls,Sri Narayani Mahal,4.5,4,"rumalaikodi, Ariyur, Vellore - 632055, Near Golden Temple"
Banquet_Halls,Bagiyam & Nadham Function H..,4.5,4,"ST FLOOR LRK EMPIRE BUILDING, # 58 ANNA SALAI, KRISHNA NAGAR, Vellore - 632001, NEXT To LAKSHMI THEATER"
Banquet_Halls,Sri Gajalakshmi Arangam,4.1,4,", Arni Road, Sainathapuram, Vellore - 632001, Near Pillaiyar Kovil Opposite"
Banquet_Halls,Shree Lakshmi Function Hall,4.1,9,"26, New Thiruvalam Road Vit Road, KATPADI VELLORE, Vellore - 632002, Near Chittoor Bus Stand"
Banquet_Halls,Lts Mahal Ac,5.0,9,"-203/1B2 6B , Ramalingam Nagar, Arni Road, Edayansathu, Vellore - 632002, Near HP Petrol Bunk"
Banquet_Halls,Pm Mahal Ac,4.5,4,"5/4, Vellore to Arni Road-Adukkamparai, Adukkamparai, Vellore - 632011, Opposite to EB Office"
Banquet_Halls,Dhanamsathyan Mahal Ac,4.8,4,"1/118, Dharmapuri Main Road, Kakankar Railway Station, Vellore - 635654, Kakangarai"
Banquet_Halls,Ghayathri Mini Hall Ac,5.0,4,"18, Arni Road, Bagayam, Vellore - 632002"
Banquet_Halls,Hotel Mount Paradise,3.7,4,"37, Vellore Bye Pass Road, Sathuvacheri, Vellore - 632009, Next to Collector Office"
Banquet_Halls,Baby Residency,4.0,2,"7, Officers Line Anna Salai, Krishna Nagar, Vellore - 632001, Opp Dig Bangla"
Banquet_Halls,Benzz Park,3.9,2,"4, Dharmaraja Koil Street, Old Katpadi Road, Vellore Ho, Vellore - 632001, Next to Pachayappas Silk & Old National Theatre"
Banquet_Halls,Durga Mahal Ac,4.1,6,"padi to Gudiyattam Road, Katpadi Road, KATPADI VELLORE, Vellore - 632002, Kizhvadugankuttai"
Banquet_Halls,Srinivas Thirumana Mandapam,3.5,6,"6 Vaisha Complex, Arni Road, Bagayam, Vellore - 632002, Near Govt Arts College"
Banquet_Halls,Ghayathri Mini Hall Ac,5.0,6,"18, Arni Road, Bagayam, Vellore - 632002"
Banquet_Halls,Dhanamsathyan Mahal Ac,4.8,6,"1/118, Dharmapuri Main Road, Kakankar Railway Station, Vellore - 635654, Kakangarai"
Banquet_Halls,Shree Lakshmi Function Hall,4.1,2,"26, New Thiruvalam Road Vit Road, KATPADI VELLORE, Vellore - 632002, Near Chittoor Bus Stand"
Banquet_Halls,Lts Mahal Ac,5.0,2,"-203/1B2 6B , Ramalingam Nagar, Arni Road, Edayansathu, Vellore - 632002, Near HP Petrol Bunk"
Banquet_Halls,Pm Mahal Ac,4.5,9,"5/4, Vellore to Arni Road-Adukkamparai, Adukkamparai, Vellore - 632011, Opposite to EB Office"
Banquet_Halls,Hotel Mount Paradise,3.7,9,"37, Vellore Bye Pass Road, Sathuvacheri, Vellore - 632009, Next to Collector Office"
Banquet_Halls,Baby Residency,4.0,4,"7, Officers Line Anna Salai, Krishna Nagar, Vellore - 632001, Opp Dig Bangla"
Banquet_Halls,Sri Narayani Mahal,4.5,4,"rumalaikodi, Ariyur, Vellore - 632055, Near Golden Temple"
Banquet_Halls,Bagiyam & Nadham Function H..,4.5,4,"ST FLOOR LRK EMPIRE BUILDING, # 58 ANNA SALAI, KRISHNA NAGAR, Vellore - 632001, NEXT To LAKSHMI THEATER"
Banquet_Halls,Benzz Park,3.9,4,"4, Dharmaraja Koil Street, Old Katpadi Road, Vellore Ho, Vellore - 632001, Next to Pachayappas Silk & Old National Theatre"
Banquet_Halls,Ghayathri Mini Hall Ac,5.0,6,"18, Arni Road, Bagayam, Vellore - 632002"
Banquet_Halls,Lts Mahal Ac,5.0,6,"-203/1B2 6B , Ramalingam Nagar, Arni Road, Edayansathu, Vellore - 632002, Near HP Petrol Bunk"
Banquet_Halls,Dhanamsathyan Mahal Ac,4.8,4,"1/118, Dharmapuri Main Road, Kakankar Railway Station, Vellore - 635654, Kakangarai"
Banquet_Halls,Pm Mahal Ac,4.5,4,"5/4, Vellore to Arni Road-Adukkamparai, Adukkamparai, Vellore - 632011, Opposite to EB Office"
Banquet_Halls,Shree Lakshmi Function Hall,4.1,2,"26, New Thiruvalam Road Vit Road, KATPADI VELLORE, Vellore - 632002, Near Chittoor Bus Stand"
Banquet_Halls,Hotel Mount Paradise,3.7,2,"37, Vellore Bye Pass Road, Sathuvacheri, Vellore - 632009, Next to Collector Office"
Banquet_Halls,Baby Residency,4.0,4,"7, Officers Line Anna Salai, Krishna Nagar, Vellore - 632001, Opp Dig Bangla"
Banquet_Halls,Sri Narayani Mahal,4.5,4,"rumalaikodi, Ariyur, Vellore - 632055, Near Golden Temple"
Banquet_Halls,Benzz Park,3.9,9,"4, Dharmaraja Koil Street, Old Katpadi Road, Vellore Ho, Vellore - 632001, Next to Pachayappas Silk & Old National Theatre"
Banquet_Halls,Bagiyam & Nadham Function H..,4.5,9,"ST FLOOR LRK EMPIRE BUILDING, # 58 ANNA SALAI, KRISHNA NAGAR, Vellore - 632001, NEXT To LAKSHMI THEATER"
Banquet_Halls,Shree Lakshmi Function Hall,4.1,9,"26, New Thiruvalam Road Vit Road, KATPADI VELLORE, Vellore - 632002, Near Chittoor Bus Stand"
Banquet_Halls,Lts Mahal Ac,5.0,9,"-203/1B2 6B , Ramalingam Nagar, Arni Road, Edayansathu, Vellore - 632002, Near HP Petrol Bunk"
Banquet_Halls,Pm Mahal Ac,4.5,4,"5/4, Vellore to Arni Road-Adukkamparai, Adukkamparai, Vellore - 632011, Opposite to EB Office"
Banquet_Halls,Ghayathri Mini Hall Ac,5.0,4,"18, Arni Road, Bagayam, Vellore - 632002"
Banquet_Halls,Hotel Mount Paradise,3.7,4,"37, Vellore Bye Pass Road, Sathuvacheri, Vellore - 632009, Next to Collector Office"
Banquet_Halls,Dhanamsathyan Mahal Ac,4.8,4,"1/118, Dharmapuri Main Road, Kakankar Railway Station, Vellore - 635654, Kakangarai"
Banquet_Halls,Baby Residency,4.0,6,"7, Officers Line Anna Salai, Krishna Nagar, Vellore - 632001, Opp Dig Bangla"
Banquet_Halls,Benzz Park,3.9,6,"4, Dharmaraja Koil Street, Old Katpadi Road, Vellore Ho, Vellore - 632001, Next to Pachayappas Silk & Old National Theatre"
Banquet_Halls,Durga Mahal Ac,4.1,599,"padi to Gudiyattam Road, Katpadi Road, KATPADI VELLORE, Vellore - 632002, Kizhvadugankuttai"
Banquet_Halls,Srinivas Thirumana Mandapam,3.5,599,"6 Vaisha Complex, Arni Road, Bagayam, Vellore - 632002, Near Govt Arts College"
Banquet_Halls,Ghayathri Mini Hall Ac,5.0,6,"18, Arni Road, Bagayam, Vellore - 632002"
Banquet_Halls,Dhanamsathyan Mahal Ac,4.8,6,"1/118, Dharmapuri Main Road, Kakankar Railway Station, Vellore - 635654, Kakangarai"
Banquet_Halls,Lts Mahal Ac,5.0,2,"-203/1B2 6B , Ramalingam Nagar, Arni Road, Edayansathu, Vellore - 632002, Near HP Petrol Bunk"
Banquet_Halls,Shree Lakshmi Function Hall,4.1,2,"26, New Thiruvalam Road Vit Road, KATPADI VELLORE, Vellore - 632002, Near Chittoor Bus Stand"
Banquet_Halls,Pm Mahal Ac,4.5,4,"5/4, Vellore to Arni Road-Adukkamparai, Adukkamparai, Vellore - 632011, Opposite to EB Office"
Banquet_Halls,Hotel Mount Paradise,3.7,4,"37, Vellore Bye Pass Road, Sathuvacheri, Vellore - 632009, Next to Collector Office"
Banquet_Halls,Baby Residency,4.0,9,"7, Officers Line Anna Salai, Krishna Nagar, Vellore - 632001, Opp Dig Bangla"
Banquet_Halls,Sri Narayani Mahal,4.5,9,"rumalaikodi, Ariyur, Vellore - 632055, Near Golden Temple"
Banquet_Halls,Benzz Park,3.9,4,"4, Dharmaraja Koil Street, Old Katpadi Road, Vellore Ho, Vellore - 632001, Next to Pachayappas Silk & Old National Theatre"
Banquet_Halls,Bagiyam & Nadham Function H..,4.5,4,"ST FLOOR LRK EMPIRE BUILDING, # 58 ANNA SALAI, KRISHNA NAGAR, Vellore - 632001, NEXT To LAKSHMI THEATER"
Banquet_Halls,Shree Lakshmi Function Hall,4.1,9,"26, New Thiruvalam Road Vit Road, KATPADI VELLORE, Vellore - 632002, Near Chittoor Bus Stand"
Banquet_Halls,Lts Mahal Ac,5.0,9,"-203/1B2 6B , Ramalingam Nagar, Arni Road, Edayansathu, Vellore - 632002, Near HP Petrol Bunk"
Banquet_Halls,Dhanamsathyan Mahal Ac,4.8,4,"1/118, Dharmapuri Main Road, Kakankar Railway Station, Vellore - 635654, Kakangarai"
Banquet_Halls,Pm Mahal Ac,4.5,4,"5/4, Vellore to Arni Road-Adukkamparai, Adukkamparai, Vellore - 632011, Opposite to EB Office"
Banquet_Halls,Ghayathri Mini Hall Ac,5.0,2,"18, Arni Road, Bagayam, Vellore - 632002"
Banquet_Halls,Hotel Mount Paradise,3.7,2,"37, Vellore Bye Pass Road, Sathuvacheri, Vellore - 632009, Next to Collector Office"
Banquet_Halls,Baby Residency,4.0,4,"7, Officers Line Anna Salai, Krishna Nagar, Vellore - 632001, Opp Dig Bangla"
Banquet_Halls,Sri Narayani Mahal,4.5,4,"rumalaikodi, Ariyur, Vellore - 632055, Near Golden Temple"
Banquet_Halls,Bagiyam & Nadham Function H..,4.5,6,"ST FLOOR LRK EMPIRE BUILDING, # 58 ANNA SALAI, KRISHNA NAGAR, Vellore - 632001, NEXT To LAKSHMI THEATER"
Banquet_Halls,Durga Mahal Ac,4.1,6,"padi to Gudiyattam Road, Katpadi Road, KATPADI VELLORE, Vellore - 632002, Kizhvadugankuttai"
Hospitals,Indira Super Speciality Hos..,4.1,306,"320 / 3A1, Chittoor Main Road,, Gandhi Nagar West, Vellore - 632006"
Hospitals,Vellore Speciality Centre,4.1,306," 1315, South Avenue Road, Sathuvacheri, Vellore - 632009, Near By Vellore District Court Behine Avin Milk Dairy"
Hospitals,Mumme Hospital,4.2,136," Mumme Hospital,No 15/2, Masilamani Hostel Road, Vellore Ho, Vellore - 632001"
Hospitals,Indira Nursing Home,4.1,136,"452, Main Bazzar Road Saidapet, Vellore - 632001, Near CMC Hospital"
Hospitals,Mumme Hospital,4.2,31," No 15/2 New No 28, Masilamani Hostel Road, Krishna Nagar, Vellore - 632001"
Hospitals,Sri Narayani Hospital and R..,3.8,31,"ayani Hospital and Research Centre, Ariyur Vellore, Vellore - 632055, Near Golden Temple, Sripuram Thirumalakodi"
Hospitals,Manisundaram Medical Missio..,3.9,307,"288 Phase1, South Avenue Road, Vallalar, Sathuvacheri, Vellore - 632009, Near More Super Market"
Hospitals,Nalam Medical Centre and Ho..,4.1,307,", A, Arcot Road, Sathuvacheri, Vellore - 632009, Near Collectorate"
Hospitals,Dhanya Medical Centre,4.0,31,"19, Pillaiyar Koil Street, Velappadi, Vellore - 632001"
Hospitals,Nithya Sugam Ayurvedic Hosp..,4.5,31,"hya Sugam Vaithiya Salai, No. 7 Nethaji Garden, Ammoor Koot Road, Ammoor,, Ammoor, Vellore - 632501, Ammoor Koot Road CSI Church Nearby"
Hospitals,Indira Super Speciality Hos..,4.1,306,"320 / 3A1, Chittoor Main Road,, Gandhi Nagar West, Vellore - 632006"
Hospitals,Vellore Speciality Centre,4.1,306," 1315, South Avenue Road, Sathuvacheri, Vellore - 632009, Near By Vellore District Court Behine Avin Milk Dairy"
Hospitals,Mumme Hospital,4.2,136," Mumme Hospital,No 15/2, Masilamani Hostel Road, Vellore Ho, Vellore - 632001"
Hospitals,Manisundaram Medical Missio..,3.9,136,"288 Phase1, South Avenue Road, Vallalar, Sathuvacheri, Vellore - 632009, Near More Super Market"
Hospitals,Mumme Hospital,4.2,31," No 15/2 New No 28, Masilamani Hostel Road, Krishna Nagar, Vellore - 632001"
Hospitals,Indira Nursing Home,4.1,31,"452, Main Bazzar Road Saidapet, Vellore - 632001, Near CMC Hospital"
Hospitals,Dhanya Medical Centre,4.0,147,"19, Pillaiyar Koil Street, Velappadi, Vellore - 632001"
Hospitals,Sri Narayani Hospital and R..,3.8,147,"ayani Hospital and Research Centre, Ariyur Vellore, Vellore - 632055, Near Golden Temple, Sripuram Thirumalakodi"
Hospitals,Nalam Medical Centre and Ho..,4.1,31,", A, Arcot Road, Sathuvacheri, Vellore - 632009, Near Collectorate"
Hospitals,Nithya Sugam Ayurvedic Hosp..,4.5,31,"hya Sugam Vaithiya Salai, No. 7 Nethaji Garden, Ammoor Koot Road, Ammoor,, Ammoor, Vellore - 632501, Ammoor Koot Road CSI Church Nearby"
Hospitals,Indira Super Speciality Hos..,4.1,306,"320 / 3A1, Chittoor Main Road,, Gandhi Nagar West, Vellore - 632006"
Hospitals,Manisundaram Medical Missio..,3.9,306,"288 Phase1, South Avenue Road, Vallalar, Sathuvacheri, Vellore - 632009, Near More Super Market"
Hospitals,Mumme Hospital,4.2,147," No 15/2 New No 28, Masilamani Hostel Road, Krishna Nagar, Vellore - 632001"
Hospitals,Mumme Hospital,4.2,147," Mumme Hospital,No 15/2, Masilamani Hostel Road, Vellore Ho, Vellore - 632001"
Hospitals,Sri Narayani Hospital and R..,3.8,31,"ayani Hospital and Research Centre, Ariyur Vellore, Vellore - 632055, Near Golden Temple, Sripuram Thirumalakodi"
Hospitals,Dhanya Medical Centre,4.0,31,"19, Pillaiyar Koil Street, Velappadi, Vellore - 632001"
Hospitals,Vellore Speciality Centre,4.1,31," 1315, South Avenue Road, Sathuvacheri, Vellore - 632009, Near By Vellore District Court Behine Avin Milk Dairy"
Hospitals,Nithya Sugam Ayurvedic Hosp..,4.5,31,"hya Sugam Vaithiya Salai, No. 7 Nethaji Garden, Ammoor Koot Road, Ammoor,, Ammoor, Vellore - 632501, Ammoor Koot Road CSI Church Nearby"
Hospitals,Indira Nursing Home,4.1,565,"452, Main Bazzar Road Saidapet, Vellore - 632001, Near CMC Hospital"
Hospitals,Nalam Medical Centre and Ho..,4.1,565,", A, Arcot Road, Sathuvacheri, Vellore - 632009, Near Collectorate"
Hospitals,Indira Super Speciality Hos..,4.1,306,"320 / 3A1, Chittoor Main Road,, Gandhi Nagar West, Vellore - 632006"
Hospitals,Manisundaram Medical Missio..,3.9,306,"288 Phase1, South Avenue Road, Vallalar, Sathuvacheri, Vellore - 632009, Near More Super Market"
Hospitals,Sri Narayani Hospital and R..,3.8,147,"ayani Hospital and Research Centre, Ariyur Vellore, Vellore - 632055, Near Golden Temple, Sripuram Thirumalakodi"
Hospitals,Mumme Hospital,4.2,147," No 15/2 New No 28, Masilamani Hostel Road, Krishna Nagar, Vellore - 632001"
Hospitals,Mumme Hospital,4.2,565," Mumme Hospital,No 15/2, Masilamani Hostel Road, Vellore Ho, Vellore - 632001"
Hospitals,Dhanya Medical Centre,4.0,565,"19, Pillaiyar Koil Street, Velappadi, Vellore - 632001"
Hospitals,Vellore Speciality Centre,4.1,31," 1315, South Avenue Road, Sathuvacheri, Vellore - 632009, Near By Vellore District Court Behine Avin Milk Dairy"
Hospitals,Nithya Sugam Ayurvedic Hosp..,4.5,31,"hya Sugam Vaithiya Salai, No. 7 Nethaji Garden, Ammoor Koot Road, Ammoor,, Ammoor, Vellore - 632501, Ammoor Koot Road CSI Church Nearby"
Hospitals,Nalam Medical Centre and Ho..,4.1,31,", A, Arcot Road, Sathuvacheri, Vellore - 632009, Near Collectorate"
Hospitals,Indira Nursing Home,4.1,31,"452, Main Bazzar Road Saidapet, Vellore - 632001, Near CMC Hospital"
Hospitals,Indira Super Speciality Hos..,4.1,306,"320 / 3A1, Chittoor Main Road,, Gandhi Nagar West, Vellore - 632006"
Hospitals,Sri Narayani Hospital and R..,3.8,306,"ayani Hospital and Research Centre, Ariyur Vellore, Vellore - 632055, Near Golden Temple, Sripuram Thirumalakodi"
Hospitals,Manisundaram Medical Missio..,3.9,565,"288 Phase1, South Avenue Road, Vallalar, Sathuvacheri, Vellore - 632009, Near More Super Market"
Hospitals,Mumme Hospital,4.2,565," No 15/2 New No 28, Masilamani Hostel Road, Krishna Nagar, Vellore - 632001"
Hospitals,Mumme Hospital,4.2,147," Mumme Hospital,No 15/2, Masilamani Hostel Road, Vellore Ho, Vellore - 632001"
Hospitals,Dhanya Medical Centre,4.0,147,"19, Pillaiyar Koil Street, Velappadi, Vellore - 632001"
Hospitals,Indira Nursing Home,4.1,31,"452, Main Bazzar Road Saidapet, Vellore - 632001, Near CMC Hospital"
Hospitals,Nithya Sugam Ayurvedic Hosp..,4.5,31,"hya Sugam Vaithiya Salai, No. 7 Nethaji Garden, Ammoor Koot Road, Ammoor,, Ammoor, Vellore - 632501, Ammoor Koot Road CSI Church Nearby"
Hospitals,Vellore Speciality Centre,4.1,31," 1315, South Avenue Road, Sathuvacheri, Vellore - 632009, Near By Vellore District Court Behine Avin Milk Dairy"
Hospitals,Sri Ragavendra Health Care,4.5,31,"218, Phase 1 South Service Road, Sathuvacheri, Vellore - 632009, Near More Super Market"
Hospitals,Indira Super Speciality Hos..,4.1,306,"320 / 3A1, Chittoor Main Road,, Gandhi Nagar West, Vellore - 632006"
Hospitals,Manisundaram Medical Missio..,3.9,306,"288 Phase1, South Avenue Road, Vallalar, Sathuvacheri, Vellore - 632009, Near More Super Market"
Hospitals,Mumme Hospital,4.2,147," Mumme Hospital,No 15/2, Masilamani Hostel Road, Vellore Ho, Vellore - 632001"
Hospitals,Vellore Speciality Centre,4.1,147," 1315, South Avenue Road, Sathuvacheri, Vellore - 632009, Near By Vellore District Court Behine Avin Milk Dairy"
Hospitals,Mumme Hospital,4.2,31," No 15/2 New No 28, Masilamani Hostel Road, Krishna Nagar, Vellore - 632001"
Hospitals,Indira Nursing Home,4.1,31,"452, Main Bazzar Road Saidapet, Vellore - 632001, Near CMC Hospital"
Hospitals,Dhanya Medical Centre,4.0,136,"19, Pillaiyar Koil Street, Velappadi, Vellore - 632001"
Hospitals,Nithya Sugam Ayurvedic Hosp..,4.5,136,"hya Sugam Vaithiya Salai, No. 7 Nethaji Garden, Ammoor Koot Road, Ammoor,, Ammoor, Vellore - 632501, Ammoor Koot Road CSI Church Nearby"
Hospitals,Nalam Medical Centre and Ho..,4.1,31,", A, Arcot Road, Sathuvacheri, Vellore - 632009, Near Collectorate"
Hospitals,Sri Narayani Hospital and R..,3.8,31,"ayani Hospital and Research Centre, Ariyur Vellore, Vellore - 632055, Near Golden Temple, Sripuram Thirumalakodi"
Hospitals,Indira Super Speciality Hos..,4.1,306,"320 / 3A1, Chittoor Main Road,, Gandhi Nagar West, Vellore - 632006"
Hospitals,Sri Narayani Hospital and R..,3.8,306,"ayani Hospital and Research Centre, Ariyur Vellore, Vellore - 632055, Near Golden Temple, Sripuram Thirumalakodi"
Hospitals,Manisundaram Medical Missio..,3.9,565,"288 Phase1, South Avenue Road, Vallalar, Sathuvacheri, Vellore - 632009, Near More Super Market"
Hospitals,Mumme Hospital,4.2,565," No 15/2 New No 28, Masilamani Hostel Road, Krishna Nagar, Vellore - 632001"
Hospitals,Mumme Hospital,4.2,147," Mumme Hospital,No 15/2, Masilamani Hostel Road, Vellore Ho, Vellore - 632001"
Hospitals,Dhanya Medical Centre,4.0,147,"19, Pillaiyar Koil Street, Velappadi, Vellore - 632001"
Hospitals,Indira Nursing Home,4.1,31,"452, Main Bazzar Road Saidapet, Vellore - 632001, Near CMC Hospital"
Hospitals,Nithya Sugam Ayurvedic Hosp..,4.5,31,"hya Sugam Vaithiya Salai, No. 7 Nethaji Garden, Ammoor Koot Road, Ammoor,, Ammoor, Vellore - 632501, Ammoor Koot Road CSI Church Nearby"
Hospitals,Vellore Speciality Centre,4.1,31," 1315, South Avenue Road, Sathuvacheri, Vellore - 632009, Near By Vellore District Court Behine Avin Milk Dairy"
Hospitals,Sri Ragavendra Health Care,4.5,31,"218, Phase 1 South Service Road, Sathuvacheri, Vellore - 632009, Near More Super Market"
Hospitals,Indira Super Speciality Hos..,4.1,306,"320 / 3A1, Chittoor Main Road,, Gandhi Nagar West, Vellore - 632006"
Hospitals,Sri Narayani Hospital and R..,3.8,306,"ayani Hospital and Research Centre, Ariyur Vellore, Vellore - 632055, Near Golden Temple, Sripuram Thirumalakodi"
Hospitals,Vellore Speciality Centre,4.1,565," 1315, South Avenue Road, Sathuvacheri, Vellore - 632009, Near By Vellore District Court Behine Avin Milk Dairy"
Hospitals,Indira Nursing Home,4.1,565,"452, Main Bazzar Road Saidapet, Vellore - 632001, Near CMC Hospital"
Hospitals,Manisundaram Medical Missio..,3.9,136,"288 Phase1, South Avenue Road, Vallalar, Sathuvacheri, Vellore - 632009, Near More Super Market"
Hospitals,Mumme Hospital,4.2,136," Mumme Hospital,No 15/2, Masilamani Hostel Road, Vellore Ho, Vellore - 632001"
Hospitals,Nalam Medical Centre and Ho..,4.1,307,", A, Arcot Road, Sathuvacheri, Vellore - 632009, Near Collectorate"
Hospitals,Dhanya Medical Centre,4.0,307,"19, Pillaiyar Koil Street, Velappadi, Vellore - 632001"
Hospitals,Sri Ragavendra Health Care,4.5,147,"218, Phase 1 South Service Road, Sathuvacheri, Vellore - 632009, Near More Super Market"
Hospitals,Nithya Sugam Ayurvedic Hosp..,4.5,147,"hya Sugam Vaithiya Salai, No. 7 Nethaji Garden, Ammoor Koot Road, Ammoor,, Ammoor, Vellore - 632501, Ammoor Koot Road CSI Church Nearby"
Hospitals,Indira Super Speciality Hos..,4.1,306,"320 / 3A1, Chittoor Main Road,, Gandhi Nagar West, Vellore - 632006"
Hospitals,Manisundaram Medical Missio..,3.9,306,"288 Phase1, South Avenue Road, Vallalar, Sathuvacheri, Vellore - 632009, Near More Super Market"
Hospitals,Sri Narayani Hospital and R..,3.8,147,"ayani Hospital and Research Centre, Ariyur Vellore, Vellore - 632055, Near Golden Temple, Sripuram Thirumalakodi"
Hospitals,Mumme Hospital,4.2,147," No 15/2 New No 28, Masilamani Hostel Road, Krishna Nagar, Vellore - 632001"
Hospitals,Mumme Hospital,4.2,565," Mumme Hospital,No 15/2, Masilamani Hostel Road, Vellore Ho, Vellore - 632001"
Hospitals,Dhanya Medical Centre,4.0,565,"19, Pillaiyar Koil Street, Velappadi, Vellore - 632001"
Hospitals,Nithya Sugam Ayurvedic Hosp..,4.5,31,"hya Sugam Vaithiya Salai, No. 7 Nethaji Garden, Ammoor Koot Road, Ammoor,, Ammoor, Vellore - 632501, Ammoor Koot Road CSI Church Nearby"
Hospitals,Indira Nursing Home,4.1,31,"452, Main Bazzar Road Saidapet, Vellore - 632001, Near CMC Hospital"
Hospitals,Vellore Speciality Centre,4.1,31," 1315, South Avenue Road, Sathuvacheri, Vellore - 632009, Near By Vellore District Court Behine Avin Milk Dairy"
Hospitals,Nalam Medical Centre and Ho..,4.1,31,", A, Arcot Road, Sathuvacheri, Vellore - 632009, Near Collectorate"
Hospitals,Indira Super Speciality Hos..,4.1,306,"320 / 3A1, Chittoor Main Road,, Gandhi Nagar West, Vellore - 632006"
Hospitals,Sri Narayani Hospital and R..,3.8,306,"ayani Hospital and Research Centre, Ariyur Vellore, Vellore - 632055, Near Golden Temple, Sripuram Thirumalakodi"
Hospitals,Vellore Speciality Centre,4.1,565," 1315, South Avenue Road, Sathuvacheri, Vellore - 632009, Near By Vellore District Court Behine Avin Milk Dairy"
Hospitals,Indira Nursing Home,4.1,565,"452, Main Bazzar Road Saidapet, Vellore - 632001, Near CMC Hospital"
Hospitals,Manisundaram Medical Missio..,3.9,136,"288 Phase1, South Avenue Road, Vallalar, Sathuvacheri, Vellore - 632009, Near More Super Market"
Hospitals,Dhanya Medical Centre,4.0,136,"19, Pillaiyar Koil Street, Velappadi, Vellore - 632001"
Hospitals,Nalam Medical Centre and Ho..,4.1,307,", A, Arcot Road, Sathuvacheri, Vellore - 632009, Near Collectorate"
Hospitals,Mumme Hospital,4.2,307," Mumme Hospital,No 15/2, Masilamani Hostel Road, Vellore Ho, Vellore - 632001"
Hospitals,Sri Ragavendra Health Care,4.5,147,"218, Phase 1 South Service Road, Sathuvacheri, Vellore - 632009, Near More Super Market"
Hospitals,Mumme Hospital,4.2,147," No 15/2 New No 28, Masilamani Hostel Road, Krishna Nagar, Vellore - 632001"
Hospitals,Indira Super Speciality Hos..,4.1,306,"320 / 3A1, Chittoor Main Road,, Gandhi Nagar West, Vellore - 632006"
Hospitals,Sri Narayani Hospital and R..,3.8,306,"ayani Hospital and Research Centre, Ariyur Vellore, Vellore - 632055, Near Golden Temple, Sripuram Thirumalakodi"
Hospitals,Vellore Speciality Centre,4.1,565," 1315, South Avenue Road, Sathuvacheri, Vellore - 632009, Near By Vellore District Court Behine Avin Milk Dairy"
Hospitals,Indira Nursing Home,4.1,565,"452, Main Bazzar Road Saidapet, Vellore - 632001, Near CMC Hospital"
Hospitals,Mumme Hospital,4.2,136," Mumme Hospital,No 15/2, Masilamani Hostel Road, Vellore Ho, Vellore - 632001"
Hospitals,Manisundaram Medical Missio..,3.9,136,"288 Phase1, South Avenue Road, Vallalar, Sathuvacheri, Vellore - 632009, Near More Super Market"
Hospitals,Nalam Medical Centre and Ho..,4.1,307,", A, Arcot Road, Sathuvacheri, Vellore - 632009, Near Collectorate"
Hospitals,Sri Ragavendra Health Care,4.5,307,"218, Phase 1 South Service Road, Sathuvacheri, Vellore - 632009, Near More Super Market"
Hospitals,Dhanya Medical Centre,4.0,31,"19, Pillaiyar Koil Street, Velappadi, Vellore - 632001"
Hospitals,Nithya Sugam Ayurvedic Hosp..,4.5,31,"hya Sugam Vaithiya Salai, No. 7 Nethaji Garden, Ammoor Koot Road, Ammoor,, Ammoor, Vellore - 632501, Ammoor Koot Road CSI Church Nearby"
Hospitals,Indira Super Speciality Hos..,4.1,306,"320 / 3A1, Chittoor Main Road,, Gandhi Nagar West, Vellore - 632006"
Hospitals,Sri Narayani Hospital and R..,3.8,306,"ayani Hospital and Research Centre, Ariyur Vellore, Vellore - 632055, Near Golden Temple, Sripuram Thirumalakodi"
Hospitals,Manisundaram Medical Missio..,3.9,565,"288 Phase1, South Avenue Road, Vallalar, Sathuvacheri, Vellore - 632009, Near More Super Market"
Hospitals,Mumme Hospital,4.2,565," No 15/2 New No 28, Masilamani Hostel Road, Krishna Nagar, Vellore - 632001"
Hospitals,Mumme Hospital,4.2,147," Mumme Hospital,No 15/2, Masilamani Hostel Road, Vellore Ho, Vellore - 632001"
Hospitals,Dhanya Medical Centre,4.0,147,"19, Pillaiyar Koil Street, Velappadi, Vellore - 632001"
Hospitals,Nithya Sugam Ayurvedic Hosp..,4.5,31,"hya Sugam Vaithiya Salai, No. 7 Nethaji Garden, Ammoor Koot Road, Ammoor,, Ammoor, Vellore - 632501, Ammoor Koot Road CSI Church Nearby"
Hospitals,Indira Nursing Home,4.1,31,"452, Main Bazzar Road Saidapet, Vellore - 632001, Near CMC Hospital"
Hospitals,Vellore Speciality Centre,4.1,31," 1315, South Avenue Road, Sathuvacheri, Vellore - 632009, Near By Vellore District Court Behine Avin Milk Dairy"
Hospitals,Sri Ragavendra Health Care,4.5,31,"218, Phase 1 South Service Road, Sathuvacheri, Vellore - 632009, Near More Super Market"
Hospitals,Indira Super Speciality Hos..,4.1,306,"320 / 3A1, Chittoor Main Road,, Gandhi Nagar West, Vellore - 632006"
Hospitals,Sri Narayani Hospital and R..,3.8,306,"ayani Hospital and Research Centre, Ariyur Vellore, Vellore - 632055, Near Golden Temple, Sripuram Thirumalakodi"
Hospitals,Vellore Speciality Centre,4.1,565," 1315, South Avenue Road, Sathuvacheri, Vellore - 632009, Near By Vellore District Court Behine Avin Milk Dairy"
Hospitals,Indira Nursing Home,4.1,565,"452, Main Bazzar Road Saidapet, Vellore - 632001, Near CMC Hospital"
Hospitals,Manisundaram Medical Missio..,3.9,136,"288 Phase1, South Avenue Road, Vallalar, Sathuvacheri, Vellore - 632009, Near More Super Market"
Hospitals,Mumme Hospital,4.2,136," Mumme Hospital,No 15/2, Masilamani Hostel Road, Vellore Ho, Vellore - 632001"
Hospitals,Nalam Medical Centre and Ho..,4.1,307,", A, Arcot Road, Sathuvacheri, Vellore - 632009, Near Collectorate"
Hospitals,Dhanya Medical Centre,4.0,307,"19, Pillaiyar Koil Street, Velappadi, Vellore - 632001"
Hospitals,Sri Ragavendra Health Care,4.5,147,"218, Phase 1 South Service Road, Sathuvacheri, Vellore - 632009, Near More Super Market"
Hospitals,Nithya Sugam Ayurvedic Hosp..,4.5,147,"hya Sugam Vaithiya Salai, No. 7 Nethaji Garden, Ammoor Koot Road, Ammoor,, Ammoor, Vellore - 632501, Ammoor Koot Road CSI Church Nearby"
Hospitals,Indira Super Speciality Hos..,4.1,306,"320 / 3A1, Chittoor Main Road,, Gandhi Nagar West, Vellore - 632006"
Hospitals,Sri Narayani Hospital and R..,3.8,306,"ayani Hospital and Research Centre, Ariyur Vellore, Vellore - 632055, Near Golden Temple, Sripuram Thirumalakodi"
Hospitals,Manisundaram Medical Missio..,3.9,565,"288 Phase1, South Avenue Road, Vallalar, Sathuvacheri, Vellore - 632009, Near More Super Market"
Hospitals,Vellore Speciality Centre,4.1,565," 1315, South Avenue Road, Sathuvacheri, Vellore - 632009, Near By Vellore District Court Behine Avin Milk Dairy"
Hospitals,Indira Nursing Home,4.1,147,"452, Main Bazzar Road Saidapet, Vellore - 632001, Near CMC Hospital"
Hospitals,Dhanya Medical Centre,4.0,147,"19, Pillaiyar Koil Street, Velappadi, Vellore - 632001"
Hospitals,Mumme Hospital,4.2,136," No 15/2 New No 28, Masilamani Hostel Road, Krishna Nagar, Vellore - 632001"
Hospitals,Nalam Medical Centre and Ho..,4.1,136,", A, Arcot Road, Sathuvacheri, Vellore - 632009, Near Collectorate"
Hospitals,Sri Ragavendra Health Care,4.5,307,"218, Phase 1 South Service Road, Sathuvacheri, Vellore - 632009, Near More Super Market"
Hospitals,Mumme Hospital,4.2,307," Mumme Hospital,No 15/2, Masilamani Hostel Road, Vellore Ho, Vellore - 632001"
Hospitals,Indira Super Speciality Hos..,4.1,306,"320 / 3A1, Chittoor Main Road,, Gandhi Nagar West, Vellore - 632006"
Hospitals,Vellore Speciality Centre,4.1,306," 1315, South Avenue Road, Sathuvacheri, Vellore - 632009, Near By Vellore District Court Behine Avin Milk Dairy"
Hospitals,Sri Narayani Hospital and R..,3.8,136,"ayani Hospital and Research Centre, Ariyur Vellore, Vellore - 632055, Near Golden Temple, Sripuram Thirumalakodi"
Hospitals,Indira Nursing Home,4.1,136,"452, Main Bazzar Road Saidapet, Vellore - 632001, Near CMC Hospital"
Hospitals,Mumme Hospital,4.2,565," Mumme Hospital,No 15/2, Masilamani Hostel Road, Vellore Ho, Vellore - 632001"
Hospitals,Nalam Medical Centre and Ho..,4.1,565,", A, Arcot Road, Sathuvacheri, Vellore - 632009, Near Collectorate"
Hospitals,Mumme Hospital,4.2,307," No 15/2 New No 28, Masilamani Hostel Road, Krishna Nagar, Vellore - 632001"
Hospitals,Sri Ragavendra Health Care,4.5,307,"218, Phase 1 South Service Road, Sathuvacheri, Vellore - 632009, Near More Super Market"
Hospitals,Nithya Sugam Ayurvedic Hosp..,4.5,31,"hya Sugam Vaithiya Salai, No. 7 Nethaji Garden, Ammoor Koot Road, Ammoor,, Ammoor, Vellore - 632501, Ammoor Koot Road CSI Church Nearby"
Hospitals,Manisundaram Medical Missio..,3.9,31,"288 Phase1, South Avenue Road, Vallalar, Sathuvacheri, Vellore - 632009, Near More Super Market"
Hospitals,Indira Super Speciality Hos..,4.1,306,"320 / 3A1, Chittoor Main Road,, Gandhi Nagar West, Vellore - 632006"
Hospitals,Manisundaram Medical Missio..,3.9,306,"288 Phase1, South Avenue Road, Vallalar, Sathuvacheri, Vellore - 632009, Near More Super Market"
Hospitals,Mumme Hospital,4.2,147," Mumme Hospital,No 15/2, Masilamani Hostel Road, Vellore Ho, Vellore - 632001"
Hospitals,Mumme Hospital,4.2,147," No 15/2 New No 28, Masilamani Hostel Road, Krishna Nagar, Vellore - 632001"
Hospitals,Sri Narayani Hospital and R..,3.8,31,"ayani Hospital and Research Centre, Ariyur Vellore, Vellore - 632055, Near Golden Temple, Sripuram Thirumalakodi"
Hospitals,Dhanya Medical Centre,4.0,31,"19, Pillaiyar Koil Street, Velappadi, Vellore - 632001"
Hospitals,Vellore Speciality Centre,4.1,31," 1315, South Avenue Road, Sathuvacheri, Vellore - 632009, Near By Vellore District Court Behine Avin Milk Dairy"
Hospitals,Nithya Sugam Ayurvedic Hosp..,4.5,31,"hya Sugam Vaithiya Salai, No. 7 Nethaji Garden, Ammoor Koot Road, Ammoor,, Ammoor, Vellore - 632501, Ammoor Koot Road CSI Church Nearby"
Hospitals,Indira Nursing Home,4.1,565,"452, Main Bazzar Road Saidapet, Vellore - 632001, Near CMC Hospital"
Hospitals,Nalam Medical Centre and Ho..,4.1,565,", A, Arcot Road, Sathuvacheri, Vellore - 632009, Near Collectorate"
Hospitals,Indira Super Speciality Hos..,4.1,306,"320 / 3A1, Chittoor Main Road,, Gandhi Nagar West, Vellore - 632006"
Hospitals,Manisundaram Medical Missio..,3.9,306,"288 Phase1, South Avenue Road, Vallalar, Sathuvacheri, Vellore - 632009, Near More Super Market"
Hospitals,Sri Narayani Hospital and R..,3.8,147,"ayani Hospital and Research Centre, Ariyur Vellore, Vellore - 632055, Near Golden Temple, Sripuram Thirumalakodi"
Hospitals,Mumme Hospital,4.2,147," No 15/2 New No 28, Masilamani Hostel Road, Krishna Nagar, Vellore - 632001"
Hospitals,Mumme Hospital,4.2,565," Mumme Hospital,No 15/2, Masilamani Hostel Road, Vellore Ho, Vellore - 632001"
Hospitals,Dhanya Medical Centre,4.0,565,"19, Pillaiyar Koil Street, Velappadi, Vellore - 632001"
Hospitals,Nithya Sugam Ayurvedic Hosp..,4.5,31,"hya Sugam Vaithiya Salai, No. 7 Nethaji Garden, Ammoor Koot Road, Ammoor,, Ammoor, Vellore - 632501, Ammoor Koot Road CSI Church Nearby"
Hospitals,Indira Nursing Home,4.1,31,"452, Main Bazzar Road Saidapet, Vellore - 632001, Near CMC Hospital"
Hospitals,Vellore Speciality Centre,4.1,31," 1315, South Avenue Road, Sathuvacheri, Vellore - 632009, Near By Vellore District Court Behine Avin Milk Dairy"
Hospitals,Sri Ragavendra Health Care,4.5,31,"218, Phase 1 South Service Road, Sathuvacheri, Vellore - 632009, Near More Super Market"
Hospitals,Indira Super Speciality Hos..,4.1,306,"320 / 3A1, Chittoor Main Road,, Gandhi Nagar West, Vellore - 632006"
Hospitals,Sri Narayani Hospital and R..,3.8,306,"ayani Hospital and Research Centre, Ariyur Vellore, Vellore - 632055, Near Golden Temple, Sripuram Thirumalakodi"
Hospitals,Vellore Speciality Centre,4.1,565," 1315, South Avenue Road, Sathuvacheri, Vellore - 632009, Near By Vellore District Court Behine Avin Milk Dairy"
Hospitals,Indira Nursing Home,4.1,565,"452, Main Bazzar Road Saidapet, Vellore - 632001, Near CMC Hospital"
Hospitals,Manisundaram Medical Missio..,3.9,136,"288 Phase1, South Avenue Road, Vallalar, Sathuvacheri, Vellore - 632009, Near More Super Market"
Hospitals,Dhanya Medical Centre,4.0,136,"19, Pillaiyar Koil Street, Velappadi, Vellore - 632001"
Hospitals,Nalam Medical Centre and Ho..,4.1,307,", A, Arcot Road, Sathuvacheri, Vellore - 632009, Near Collectorate"
Hospitals,Mumme Hospital,4.2,307," Mumme Hospital,No 15/2, Masilamani Hostel Road, Vellore Ho, Vellore - 632001"
Hospitals,Sri Ragavendra Health Care,4.5,147,"218, Phase 1 South Service Road, Sathuvacheri, Vellore - 632009, Near More Super Market"
Hospitals,Mumme Hospital,4.2,147," No 15/2 New No 28, Masilamani Hostel Road, Krishna Nagar, Vellore - 632001"
Hospitals,Indira Super Speciality Hos..,4.1,306,"320 / 3A1, Chittoor Main Road,, Gandhi Nagar West, Vellore - 632006"
Hospitals,Manisundaram Medical Missio..,3.9,306,"288 Phase1, South Avenue Road, Vallalar, Sathuvacheri, Vellore - 632009, Near More Super Market"
Hospitals,Sri Narayani Hospital and R..,3.8,147,"ayani Hospital and Research Centre, Ariyur Vellore, Vellore - 632055, Near Golden Temple, Sripuram Thirumalakodi"
Hospitals,Mumme Hospital,4.2,147," No 15/2 New No 28, Masilamani Hostel Road, Krishna Nagar, Vellore - 632001"
Hospitals,Mumme Hospital,4.2,565," Mumme Hospital,No 15/2, Masilamani Hostel Road, Vellore Ho, Vellore - 632001"
Hospitals,Dhanya Medical Centre,4.0,565,"19, Pillaiyar Koil Street, Velappadi, Vellore - 632001"
Hospitals,Nithya Sugam Ayurvedic Hosp..,4.5,31,"hya Sugam Vaithiya Salai, No. 7 Nethaji Garden, Ammoor Koot Road, Ammoor,, Ammoor, Vellore - 632501, Ammoor Koot Road CSI Church Nearby"
Hospitals,Indira Nursing Home,4.1,31,"452, Main Bazzar Road Saidapet, Vellore - 632001, Near CMC Hospital"
Hospitals,Vellore Speciality Centre,4.1,31," 1315, South Avenue Road, Sathuvacheri, Vellore - 632009, Near By Vellore District Court Behine Avin Milk Dairy"
Hospitals,Nalam Medical Centre and Ho..,4.1,31,", A, Arcot Road, Sathuvacheri, Vellore - 632009, Near Collectorate"
Car_Dealers,Ganesh Cars Pvt Ltd,4.2,2335,"32, New Bye Pass Road, Vellore Ho, Vellore - 632001, Near Green Circle"
Car_Dealers,Sri Amman Cars INDIA Pvt Lt..,4.0,2335,"67, Katpadi Main Road, Gandhi Nagar Vellore, Vellore - 632006, Next to Dominos Pizza"
Car_Dealers,Jains Hyundai,4.7,21,"108, Infant Leonard L-10054588, Alamelumangapuram, Vellore - 632009, Venkatapuram New Vasoor"
Car_Dealers,Amman Cars,4.8,21,"67, Katpadi Main Road, Gandhi Nagar East, Vellore - 632006, Gandhi Nagar"
Car_Dealers,Jain Cars,4.0,3241,"108, Bangalore to Chennai Highway, Vasur, Vellore - 632514, Near Venkatapuram New Vasoor"
Car_Dealers,Sarvesh Ford,3.9,3241,"296-3/2,, Chennai Bangalore Highway, Perumugai, Vellore - 632009, Indira Nagar, Perumugai"
Car_Dealers,Vds Sayar Bajajs,3.8,846,"23, Katpadi Road, Vellore Bazaar, Vellore - 632004, Near New Bus Stand"
Car_Dealers,Sayar Automotive Pvt Ltd,3.7,846,"31/2-4, Bangalore to Chennai Highways, Alamelumangapuram, Vellore - 632009, Opposite Ford Showroom, Perumugai"
Car_Dealers,Balaji Honda,3.9,786,"99/4b1, Balaji Honda Complex, Perumugai, Vellore - 632009, Near Kh Exports & Ggr College"
Car_Dealers,Sri Amman Cars,4.9,786,"gu Nagar, Uthangarai, Tamil Nadu 635207, Tirupattur Main Road, Tirupattur, Tirupattur - 635601"
Car_Dealers,Ganesh Cars Pvt Ltd,4.2,2335,"32, New Bye Pass Road, Vellore Ho, Vellore - 632001, Near Green Circle"
Car_Dealers,Sri Amman Cars INDIA Pvt Lt..,4.0,2335,"67, Katpadi Main Road, Gandhi Nagar Vellore, Vellore - 632006, Next to Dominos Pizza"
Car_Dealers,Jains Hyundai,4.7,21,"108, Infant Leonard L-10054588, Alamelumangapuram, Vellore - 632009, Venkatapuram New Vasoor"
Car_Dealers,Amman Cars,4.8,21,"67, Katpadi Main Road, Gandhi Nagar East, Vellore - 632006, Gandhi Nagar"
Car_Dealers,Jain Cars,4.0,3241,"108, Bangalore to Chennai Highway, Vasur, Vellore - 632514, Near Venkatapuram New Vasoor"
Car_Dealers,Sarvesh Ford,3.9,3241,"296-3/2,, Chennai Bangalore Highway, Perumugai, Vellore - 632009, Indira Nagar, Perumugai"
Car_Dealers,Vds Sayar Bajajs,3.8,846,"23, Katpadi Road, Vellore Bazaar, Vellore - 632004, Near New Bus Stand"
Car_Dealers,Sayar Automotive Pvt Ltd,3.7,846,"31/2-4, Bangalore to Chennai Highways, Alamelumangapuram, Vellore - 632009, Opposite Ford Showroom, Perumugai"
Car_Dealers,Balaji Honda,3.9,786,"99/4b1, Balaji Honda Complex, Perumugai, Vellore - 632009, Near Kh Exports & Ggr College"
Car_Dealers,Sri Amman Cars,4.9,786,"gu Nagar, Uthangarai, Tamil Nadu 635207, Tirupattur Main Road, Tirupattur, Tirupattur - 635601"
Car_Dealers,Ganesh Cars Pvt Ltd,4.2,2335,"32, New Bye Pass Road, Vellore Ho, Vellore - 632001, Near Green Circle"
Car_Dealers,Sri Amman Cars INDIA Pvt Lt..,4.0,2335,"67, Katpadi Main Road, Gandhi Nagar Vellore, Vellore - 632006, Next to Dominos Pizza"
Car_Dealers,Jains Hyundai,4.7,21,"108, Infant Leonard L-10054588, Alamelumangapuram, Vellore - 632009, Venkatapuram New Vasoor"
Car_Dealers,Amman Cars,4.8,21,"67, Katpadi Main Road, Gandhi Nagar East, Vellore - 632006, Gandhi Nagar"
Car_Dealers,Jain Cars,4.0,3241,"108, Bangalore to Chennai Highway, Vasur, Vellore - 632514, Near Venkatapuram New Vasoor"
Car_Dealers,Sarvesh Ford,3.9,3241,"296-3/2,, Chennai Bangalore Highway, Perumugai, Vellore - 632009, Indira Nagar, Perumugai"
Car_Dealers,Vds Sayar Bajajs,3.8,846,"23, Katpadi Road, Vellore Bazaar, Vellore - 632004, Near New Bus Stand"
Car_Dealers,Sayar Automotive Pvt Ltd,3.7,846,"31/2-4, Bangalore to Chennai Highways, Alamelumangapuram, Vellore - 632009, Opposite Ford Showroom, Perumugai"
Car_Dealers,Balaji Honda,3.9,786,"99/4b1, Balaji Honda Complex, Perumugai, Vellore - 632009, Near Kh Exports & Ggr College"
Car_Dealers,Sri Amman Cars,4.9,786,"gu Nagar, Uthangarai, Tamil Nadu 635207, Tirupattur Main Road, Tirupattur, Tirupattur - 635601"
Car_Dealers,Ganesh Cars Pvt Ltd,4.2,2335,"32, New Bye Pass Road, Vellore Ho, Vellore - 632001, Near Green Circle"
Car_Dealers,Sri Amman Cars INDIA Pvt Lt..,4.0,2335,"67, Katpadi Main Road, Gandhi Nagar Vellore, Vellore - 632006, Next to Dominos Pizza"
Car_Dealers,Jains Hyundai,4.7,21,"108, Infant Leonard L-10054588, Alamelumangapuram, Vellore - 632009, Venkatapuram New Vasoor"
Car_Dealers,Amman Cars,4.8,21,"67, Katpadi Main Road, Gandhi Nagar East, Vellore - 632006, Gandhi Nagar"
Car_Dealers,Jain Cars,4.0,3241,"108, Bangalore to Chennai Highway, Vasur, Vellore - 632514, Near Venkatapuram New Vasoor"
Car_Dealers,Sarvesh Ford,3.9,3241,"296-3/2,, Chennai Bangalore Highway, Perumugai, Vellore - 632009, Indira Nagar, Perumugai"
Car_Dealers,Vds Sayar Bajajs,3.8,846,"23, Katpadi Road, Vellore Bazaar, Vellore - 632004, Near New Bus Stand"
Car_Dealers,Sayar Automotive Pvt Ltd,3.7,846,"31/2-4, Bangalore to Chennai Highways, Alamelumangapuram, Vellore - 632009, Opposite Ford Showroom, Perumugai"
Car_Dealers,Balaji Honda,3.9,786,"99/4b1, Balaji Honda Complex, Perumugai, Vellore - 632009, Near Kh Exports & Ggr College"
Car_Dealers,Sri Amman Cars,4.9,786,"gu Nagar, Uthangarai, Tamil Nadu 635207, Tirupattur Main Road, Tirupattur, Tirupattur - 635601"
Car_Dealers,Ganesh Cars Pvt Ltd,4.2,2335,"32, New Bye Pass Road, Vellore Ho, Vellore - 632001, Near Green Circle"
Car_Dealers,Sri Amman Cars INDIA Pvt Lt..,4.0,2335,"67, Katpadi Main Road, Gandhi Nagar Vellore, Vellore - 632006, Next to Dominos Pizza"
Car_Dealers,Jains Hyundai,4.7,21,"108, Infant Leonard L-10054588, Alamelumangapuram, Vellore - 632009, Venkatapuram New Vasoor"
Car_Dealers,Amman Cars,4.8,21,"67, Katpadi Main Road, Gandhi Nagar East, Vellore - 632006, Gandhi Nagar"
Car_Dealers,Jain Cars,4.0,3241,"108, Bangalore to Chennai Highway, Vasur, Vellore - 632514, Near Venkatapuram New Vasoor"
Car_Dealers,Sarvesh Ford,3.9,3241,"296-3/2,, Chennai Bangalore Highway, Perumugai, Vellore - 632009, Indira Nagar, Perumugai"
Car_Dealers,Vds Sayar Bajajs,3.8,846,"23, Katpadi Road, Vellore Bazaar, Vellore - 632004, Near New Bus Stand"
Car_Dealers,Sayar Automotive Pvt Ltd,3.7,846,"31/2-4, Bangalore to Chennai Highways, Alamelumangapuram, Vellore - 632009, Opposite Ford Showroom, Perumugai"
Car_Dealers,Balaji Honda,3.9,786,"99/4b1, Balaji Honda Complex, Perumugai, Vellore - 632009, Near Kh Exports & Ggr College"
Car_Dealers,Sri Amman Cars,4.9,786,"gu Nagar, Uthangarai, Tamil Nadu 635207, Tirupattur Main Road, Tirupattur, Tirupattur - 635601"
Car_Dealers,Ganesh Cars Pvt Ltd,4.2,2335,"32, New Bye Pass Road, Vellore Ho, Vellore - 632001, Near Green Circle"
Car_Dealers,Sri Amman Cars INDIA Pvt Lt..,4.0,2335,"67, Katpadi Main Road, Gandhi Nagar Vellore, Vellore - 632006, Next to Dominos Pizza"
Car_Dealers,Jains Hyundai,4.7,21,"108, Infant Leonard L-10054588, Alamelumangapuram, Vellore - 632009, Venkatapuram New Vasoor"
Car_Dealers,Amman Cars,4.8,21,"67, Katpadi Main Road, Gandhi Nagar East, Vellore - 632006, Gandhi Nagar"
Car_Dealers,Jain Cars,4.0,3241,"108, Bangalore to Chennai Highway, Vasur, Vellore - 632514, Near Venkatapuram New Vasoor"
Car_Dealers,Sarvesh Ford,3.9,3241,"296-3/2,, Chennai Bangalore Highway, Perumugai, Vellore - 632009, Indira Nagar, Perumugai"
Car_Dealers,Vds Sayar Bajajs,3.8,846,"23, Katpadi Road, Vellore Bazaar, Vellore - 632004, Near New Bus Stand"
Car_Dealers,Sayar Automotive Pvt Ltd,3.7,846,"31/2-4, Bangalore to Chennai Highways, Alamelumangapuram, Vellore - 632009, Opposite Ford Showroom, Perumugai"
Car_Dealers,Balaji Honda,3.9,786,"99/4b1, Balaji Honda Complex, Perumugai, Vellore - 632009, Near Kh Exports & Ggr College"
Car_Dealers,Sri Amman Cars,4.9,786,"gu Nagar, Uthangarai, Tamil Nadu 635207, Tirupattur Main Road, Tirupattur, Tirupattur - 635601"
Car_Dealers,Ganesh Cars Pvt Ltd,4.2,2335,"32, New Bye Pass Road, Vellore Ho, Vellore - 632001, Near Green Circle"
Car_Dealers,Sri Amman Cars INDIA Pvt Lt..,4.0,2335,"67, Katpadi Main Road, Gandhi Nagar Vellore, Vellore - 632006, Next to Dominos Pizza"
Car_Dealers,Jains Hyundai,4.7,21,"108, Infant Leonard L-10054588, Alamelumangapuram, Vellore - 632009, Venkatapuram New Vasoor"
Car_Dealers,Amman Cars,4.8,21,"67, Katpadi Main Road, Gandhi Nagar East, Vellore - 632006, Gandhi Nagar"
Car_Dealers,Jain Cars,4.0,3241,"108, Bangalore to Chennai Highway, Vasur, Vellore - 632514, Near Venkatapuram New Vasoor"
Car_Dealers,Sarvesh Ford,3.9,3241,"296-3/2,, Chennai Bangalore Highway, Perumugai, Vellore - 632009, Indira Nagar, Perumugai"
Car_Dealers,Vds Sayar Bajajs,3.8,846,"23, Katpadi Road, Vellore Bazaar, Vellore - 632004, Near New Bus Stand"
Car_Dealers,Sayar Automotive Pvt Ltd,3.7,846,"31/2-4, Bangalore to Chennai Highways, Alamelumangapuram, Vellore - 632009, Opposite Ford Showroom, Perumugai"
Car_Dealers,Balaji Honda,3.9,786,"99/4b1, Balaji Honda Complex, Perumugai, Vellore - 632009, Near Kh Exports & Ggr College"
Car_Dealers,Sri Amman Cars,4.9,786,"gu Nagar, Uthangarai, Tamil Nadu 635207, Tirupattur Main Road, Tirupattur, Tirupattur - 635601"
Car_Dealers,Ganesh Cars Pvt Ltd,4.2,2335,"32, New Bye Pass Road, Vellore Ho, Vellore - 632001, Near Green Circle"
Car_Dealers,Sri Amman Cars INDIA Pvt Lt..,4.0,2335,"67, Katpadi Main Road, Gandhi Nagar Vellore, Vellore - 632006, Next to Dominos Pizza"
Car_Dealers,Jains Hyundai,4.7,21,"108, Infant Leonard L-10054588, Alamelumangapuram, Vellore - 632009, Venkatapuram New Vasoor"
Car_Dealers,Amman Cars,4.8,21,"67, Katpadi Main Road, Gandhi Nagar East, Vellore - 632006, Gandhi Nagar"
Car_Dealers,Jain Cars,4.0,3241,"108, Bangalore to Chennai Highway, Vasur, Vellore - 632514, Near Venkatapuram New Vasoor"
Car_Dealers,Sarvesh Ford,3.9,3241,"296-3/2,, Chennai Bangalore Highway, Perumugai, Vellore - 632009, Indira Nagar, Perumugai"
Car_Dealers,Vds Sayar Bajajs,3.8,846,"23, Katpadi Road, Vellore Bazaar, Vellore - 632004, Near New Bus Stand"
Car_Dealers,Sayar Automotive Pvt Ltd,3.7,846,"31/2-4, Bangalore to Chennai Highways, Alamelumangapuram, Vellore - 632009, Opposite Ford Showroom, Perumugai"
Car_Dealers,Balaji Honda,3.9,786,"99/4b1, Balaji Honda Complex, Perumugai, Vellore - 632009, Near Kh Exports & Ggr College"
Car_Dealers,Sri Amman Cars,4.9,786,"gu Nagar, Uthangarai, Tamil Nadu 635207, Tirupattur Main Road, Tirupattur, Tirupattur - 635601"
Car_Dealers,Ganesh Cars Pvt Ltd,4.2,2335,"32, New Bye Pass Road, Vellore Ho, Vellore - 632001, Near Green Circle"
Car_Dealers,Sri Amman Cars INDIA Pvt Lt..,4.0,2335,"67, Katpadi Main Road, Gandhi Nagar Vellore, Vellore - 632006, Next to Dominos Pizza"
Car_Dealers,Jains Hyundai,4.7,21,"108, Infant Leonard L-10054588, Alamelumangapuram, Vellore - 632009, Venkatapuram New Vasoor"
Car_Dealers,Amman Cars,4.8,21,"67, Katpadi Main Road, Gandhi Nagar East, Vellore - 632006, Gandhi Nagar"
Car_Dealers,Jain Cars,4.0,3241,"108, Bangalore to Chennai Highway, Vasur, Vellore - 632514, Near Venkatapuram New Vasoor"
Car_Dealers,Sarvesh Ford,3.9,3241,"296-3/2,, Chennai Bangalore Highway, Perumugai, Vellore - 632009, Indira Nagar, Perumugai"
Car_Dealers,Vds Sayar Bajajs,3.8,846,"23, Katpadi Road, Vellore Bazaar, Vellore - 632004, Near New Bus Stand"
Car_Dealers,Sayar Automotive Pvt Ltd,3.7,846,"31/2-4, Bangalore to Chennai Highways, Alamelumangapuram, Vellore - 632009, Opposite Ford Showroom, Perumugai"
Car_Dealers,Balaji Honda,3.9,786,"99/4b1, Balaji Honda Complex, Perumugai, Vellore - 632009, Near Kh Exports & Ggr College"
Car_Dealers,Sri Amman Cars,4.9,786,"gu Nagar, Uthangarai, Tamil Nadu 635207, Tirupattur Main Road, Tirupattur, Tirupattur - 635601"
Car_Dealers,Ganesh Cars Pvt Ltd,4.2,2335,"32, New Bye Pass Road, Vellore Ho, Vellore - 632001, Near Green Circle"
Car_Dealers,Sri Amman Cars INDIA Pvt Lt..,4.0,2335,"67, Katpadi Main Road, Gandhi Nagar Vellore, Vellore - 632006, Next to Dominos Pizza"
Car_Dealers,Jains Hyundai,4.7,21,"108, Infant Leonard L-10054588, Alamelumangapuram, Vellore - 632009, Venkatapuram New Vasoor"
Car_Dealers,Amman Cars,4.8,21,"67, Katpadi Main Road, Gandhi Nagar East, Vellore - 632006, Gandhi Nagar"
Car_Dealers,Jain Cars,4.0,3241,"108, Bangalore to Chennai Highway, Vasur, Vellore - 632514, Near Venkatapuram New Vasoor"
Car_Dealers,Sarvesh Ford,3.9,3241,"296-3/2,, Chennai Bangalore Highway, Perumugai, Vellore - 632009, Indira Nagar, Perumugai"
Car_Dealers,Vds Sayar Bajajs,3.8,846,"23, Katpadi Road, Vellore Bazaar, Vellore - 632004, Near New Bus Stand"
Car_Dealers,Sayar Automotive Pvt Ltd,3.7,846,"31/2-4, Bangalore to Chennai Highways, Alamelumangapuram, Vellore - 632009, Opposite Ford Showroom, Perumugai"
Car_Dealers,Balaji Honda,3.9,786,"99/4b1, Balaji Honda Complex, Perumugai, Vellore - 632009, Near Kh Exports & Ggr College"
Car_Dealers,Sri Amman Cars,4.9,786,"gu Nagar, Uthangarai, Tamil Nadu 635207, Tirupattur Main Road, Tirupattur, Tirupattur - 635601"
Car_Dealers,Ganesh Cars Pvt Ltd,4.2,2335,"32, New Bye Pass Road, Vellore Ho, Vellore - 632001, Near Green Circle"
Car_Dealers,Sri Amman Cars INDIA Pvt Lt..,4.0,2335,"67, Katpadi Main Road, Gandhi Nagar Vellore, Vellore - 632006, Next to Dominos Pizza"
Car_Dealers,Jains Hyundai,4.7,21,"108, Infant Leonard L-10054588, Alamelumangapuram, Vellore - 632009, Venkatapuram New Vasoor"
Car_Dealers,Amman Cars,4.8,21,"67, Katpadi Main Road, Gandhi Nagar East, Vellore - 632006, Gandhi Nagar"
Car_Dealers,Jain Cars,4.0,3241,"108, Bangalore to Chennai Highway, Vasur, Vellore - 632514, Near Venkatapuram New Vasoor"
Car_Dealers,Sarvesh Ford,3.9,3241,"296-3/2,, Chennai Bangalore Highway, Perumugai, Vellore - 632009, Indira Nagar, Perumugai"
Car_Dealers,Vds Sayar Bajajs,3.8,846,"23, Katpadi Road, Vellore Bazaar, Vellore - 632004, Near New Bus Stand"
Car_Dealers,Sayar Automotive Pvt Ltd,3.7,846,"31/2-4, Bangalore to Chennai Highways, Alamelumangapuram, Vellore - 632009, Opposite Ford Showroom, Perumugai"
Car_Dealers,Balaji Honda,3.9,786,"99/4b1, Balaji Honda Complex, Perumugai, Vellore - 632009, Near Kh Exports & Ggr College"
Car_Dealers,Sri Amman Cars,4.9,786,"gu Nagar, Uthangarai, Tamil Nadu 635207, Tirupattur Main Road, Tirupattur, Tirupattur - 635601"
Car_Dealers,Ganesh Cars Pvt Ltd,4.2,2335,"32, New Bye Pass Road, Vellore Ho, Vellore - 632001, Near Green Circle"
Car_Dealers,Sri Amman Cars INDIA Pvt Lt..,4.0,2335,"67, Katpadi Main Road, Gandhi Nagar Vellore, Vellore - 632006, Next to Dominos Pizza"
Car_Dealers,Jains Hyundai,4.7,21,"108, Infant Leonard L-10054588, Alamelumangapuram, Vellore - 632009, Venkatapuram New Vasoor"
Car_Dealers,Amman Cars,4.8,21,"67, Katpadi Main Road, Gandhi Nagar East, Vellore - 632006, Gandhi Nagar"
Car_Dealers,Jain Cars,4.0,3241,"108, Bangalore to Chennai Highway, Vasur, Vellore - 632514, Near Venkatapuram New Vasoor"
Car_Dealers,Sarvesh Ford,3.9,3241,"296-3/2,, Chennai Bangalore Highway, Perumugai, Vellore - 632009, Indira Nagar, Perumugai"
Car_Dealers,Vds Sayar Bajajs,3.8,846,"23, Katpadi Road, Vellore Bazaar, Vellore - 632004, Near New Bus Stand"
Car_Dealers,Sayar Automotive Pvt Ltd,3.7,846,"31/2-4, Bangalore to Chennai Highways, Alamelumangapuram, Vellore - 632009, Opposite Ford Showroom, Perumugai"
Car_Dealers,Balaji Honda,3.9,786,"99/4b1, Balaji Honda Complex, Perumugai, Vellore - 632009, Near Kh Exports & Ggr College"
Car_Dealers,Sri Amman Cars,4.9,786,"gu Nagar, Uthangarai, Tamil Nadu 635207, Tirupattur Main Road, Tirupattur, Tirupattur - 635601"
Car_Dealers,Ganesh Cars Pvt Ltd,4.2,2335,"32, New Bye Pass Road, Vellore Ho, Vellore - 632001, Near Green Circle"
Car_Dealers,Sri Amman Cars INDIA Pvt Lt..,4.0,2335,"67, Katpadi Main Road, Gandhi Nagar Vellore, Vellore - 632006, Next to Dominos Pizza"
Car_Dealers,Jains Hyundai,4.7,21,"108, Infant Leonard L-10054588, Alamelumangapuram, Vellore - 632009, Venkatapuram New Vasoor"
Car_Dealers,Amman Cars,4.8,21,"67, Katpadi Main Road, Gandhi Nagar East, Vellore - 632006, Gandhi Nagar"
Car_Dealers,Jain Cars,4.0,3241,"108, Bangalore to Chennai Highway, Vasur, Vellore - 632514, Near Venkatapuram New Vasoor"
Car_Dealers,Sarvesh Ford,3.9,3241,"296-3/2,, Chennai Bangalore Highway, Perumugai, Vellore - 632009, Indira Nagar, Perumugai"
Car_Dealers,Vds Sayar Bajajs,3.8,846,"23, Katpadi Road, Vellore Bazaar, Vellore - 632004, Near New Bus Stand"
Car_Dealers,Sayar Automotive Pvt Ltd,3.7,846,"31/2-4, Bangalore to Chennai Highways, Alamelumangapuram, Vellore - 632009, Opposite Ford Showroom, Perumugai"
Car_Dealers,Balaji Honda,3.9,786,"99/4b1, Balaji Honda Complex, Perumugai, Vellore - 632009, Near Kh Exports & Ggr College"
Car_Dealers,Sri Amman Cars,4.9,786,"gu Nagar, Uthangarai, Tamil Nadu 635207, Tirupattur Main Road, Tirupattur, Tirupattur - 635601"
Car_Dealers,Ganesh Cars Pvt Ltd,4.2,2335,"32, New Bye Pass Road, Vellore Ho, Vellore - 632001, Near Green Circle"
Car_Dealers,Sri Amman Cars INDIA Pvt Lt..,4.0,2335,"67, Katpadi Main Road, Gandhi Nagar Vellore, Vellore - 632006, Next to Dominos Pizza"
Car_Dealers,Jains Hyundai,4.7,21,"108, Infant Leonard L-10054588, Alamelumangapuram, Vellore - 632009, Venkatapuram New Vasoor"
Car_Dealers,Amman Cars,4.8,21,"67, Katpadi Main Road, Gandhi Nagar East, Vellore - 632006, Gandhi Nagar"
Car_Dealers,Jain Cars,4.0,3241,"108, Bangalore to Chennai Highway, Vasur, Vellore - 632514, Near Venkatapuram New Vasoor"
Car_Dealers,Sarvesh Ford,3.9,3241,"296-3/2,, Chennai Bangalore Highway, Perumugai, Vellore - 632009, Indira Nagar, Perumugai"
Car_Dealers,Vds Sayar Bajajs,3.8,846,"23, Katpadi Road, Vellore Bazaar, Vellore - 632004, Near New Bus Stand"
Car_Dealers,Sayar Automotive Pvt Ltd,3.7,846,"31/2-4, Bangalore to Chennai Highways, Alamelumangapuram, Vellore - 632009, Opposite Ford Showroom, Perumugai"
Car_Dealers,Balaji Honda,3.9,786,"99/4b1, Balaji Honda Complex, Perumugai, Vellore - 632009, Near Kh Exports & Ggr College"
Car_Dealers,Sri Amman Cars,4.9,786,"gu Nagar, Uthangarai, Tamil Nadu 635207, Tirupattur Main Road, Tirupattur, Tirupattur - 635601"
Car_Dealers,Ganesh Cars Pvt Ltd,4.2,2335,"32, New Bye Pass Road, Vellore Ho, Vellore - 632001, Near Green Circle"
Car_Dealers,Sri Amman Cars INDIA Pvt Lt..,4.0,2335,"67, Katpadi Main Road, Gandhi Nagar Vellore, Vellore - 632006, Next to Dominos Pizza"
Car_Dealers,Jains Hyundai,4.7,21,"108, Infant Leonard L-10054588, Alamelumangapuram, Vellore - 632009, Venkatapuram New Vasoor"
Car_Dealers,Amman Cars,4.8,21,"67, Katpadi Main Road, Gandhi Nagar East, Vellore - 632006, Gandhi Nagar"
Car_Dealers,Jain Cars,4.0,3241,"108, Bangalore to Chennai Highway, Vasur, Vellore - 632514, Near Venkatapuram New Vasoor"
Car_Dealers,Sarvesh Ford,3.9,3241,"296-3/2,, Chennai Bangalore Highway, Perumugai, Vellore - 632009, Indira Nagar, Perumugai"
Car_Dealers,Vds Sayar Bajajs,3.8,846,"23, Katpadi Road, Vellore Bazaar, Vellore - 632004, Near New Bus Stand"
Car_Dealers,Sayar Automotive Pvt Ltd,3.7,846,"31/2-4, Bangalore to Chennai Highways, Alamelumangapuram, Vellore - 632009, Opposite Ford Showroom, Perumugai"
Car_Dealers,Balaji Honda,3.9,786,"99/4b1, Balaji Honda Complex, Perumugai, Vellore - 632009, Near Kh Exports & Ggr College"
Car_Dealers,Sri Amman Cars,4.9,786,"gu Nagar, Uthangarai, Tamil Nadu 635207, Tirupattur Main Road, Tirupattur, Tirupattur - 635601"
Car_Dealers,Ganesh Cars Pvt Ltd,4.2,2335,"32, New Bye Pass Road, Vellore Ho, Vellore - 632001, Near Green Circle"
Car_Dealers,Sri Amman Cars INDIA Pvt Lt..,4.0,2335,"67, Katpadi Main Road, Gandhi Nagar Vellore, Vellore - 632006, Next to Dominos Pizza"
Car_Dealers,Jains Hyundai,4.7,21,"108, Infant Leonard L-10054588, Alamelumangapuram, Vellore - 632009, Venkatapuram New Vasoor"
Car_Dealers,Amman Cars,4.8,21,"67, Katpadi Main Road, Gandhi Nagar East, Vellore - 632006, Gandhi Nagar"
Car_Dealers,Jain Cars,4.0,3241,"108, Bangalore to Chennai Highway, Vasur, Vellore - 632514, Near Venkatapuram New Vasoor"
Car_Dealers,Sarvesh Ford,3.9,3241,"296-3/2,, Chennai Bangalore Highway, Perumugai, Vellore - 632009, Indira Nagar, Perumugai"
Car_Dealers,Vds Sayar Bajajs,3.8,846,"23, Katpadi Road, Vellore Bazaar, Vellore - 632004, Near New Bus Stand"
Car_Dealers,Sayar Automotive Pvt Ltd,3.7,846,"31/2-4, Bangalore to Chennai Highways, Alamelumangapuram, Vellore - 632009, Opposite Ford Showroom, Perumugai"
Car_Dealers,Balaji Honda,3.9,786,"99/4b1, Balaji Honda Complex, Perumugai, Vellore - 632009, Near Kh Exports & Ggr College"
Car_Dealers,Sri Amman Cars,4.9,786,"gu Nagar, Uthangarai, Tamil Nadu 635207, Tirupattur Main Road, Tirupattur, Tirupattur - 635601"
Fitness_centers,B Fit Fitness Centre,4.3,222,"ind Bombay Ananda Bhavan, Mathi Nagar Road, Katpadi, Gandhi Nagar, Vellore - 632006"
Fitness_centers,Cosmic Yoga Studios,4.8,222,"gam Residency, Sankaranpalayam, Vellore - 632001, Opposite to Petrol Bunk"
Fitness_centers,Stayoung Fitness Equipments,4.7,28,"14 Bharathidasan Street, Arcot Byepass, Ranipet Vellore, Vellore - 632509, Near SSS College"
Fitness_centers,Snap Fitness,4.2,28,"36 2nd Floor, RPM Street, Sankaranpalayam, Vellore - 632001, LG Showroom"
Fitness_centers,V Fitness Club,4.6,5,"7, 42nd Street, Phase 2, Sathuvacheri, Vellore - 632009, Near By Bombay Aananda Bhavan"
Fitness_centers,OMS SCHOOL OF SILAMBAM-Vell..,4.7,5,"203, Phase 2, Nehru Nagar, Sathuvacheri, Vellore - 632009, Near RTO Office"
Fitness_centers,Shree Nidhi Physiotherapy C..,4.9,36,"14/646A, 42nd Street Phase II, Sathuvacheri, Vellore - 632009, Near Bhuvaneshwari Lodge"
Fitness_centers,A J Fitness,4.5,36,"2, Chennai Salai, Vellore Engg College, Vellore - 632014, Opposite VIT Hallmart"
Fitness_centers,Kolors Health Care,4.6,51,"elwood, 2nd Floor, Katpadi to Vellore Main Road, Virudhambattu, Vellore - 632006, Opposite Woodlux Furniture"
Fitness_centers,Sai Fitness Studio,4.6,51," 76 2nd  Floor  South Avenue Road, Sathuvacheri, Vellore - 632009, Near Court Next"
Fitness_centers,B Fit Fitness Centre,4.3,222,"ind Bombay Ananda Bhavan, Mathi Nagar Road, Katpadi, Gandhi Nagar, Vellore - 632006"
Fitness_centers,Cosmic Yoga Studios,4.8,222,"gam Residency, Sankaranpalayam, Vellore - 632001, Opposite to Petrol Bunk"
Fitness_centers,Stayoung Fitness Equipments,4.7,28,"14 Bharathidasan Street, Arcot Byepass, Ranipet Vellore, Vellore - 632509, Near SSS College"
Fitness_centers,V Fitness Club,4.6,28,"7, 42nd Street, Phase 2, Sathuvacheri, Vellore - 632009, Near By Bombay Aananda Bhavan"
Fitness_centers,Snap Fitness,4.2,5,"36 2nd Floor, RPM Street, Sankaranpalayam, Vellore - 632001, LG Showroom"
Fitness_centers,OMS SCHOOL OF SILAMBAM-Vell..,4.7,5,"203, Phase 2, Nehru Nagar, Sathuvacheri, Vellore - 632009, Near RTO Office"
Fitness_centers,Shree Nidhi Physiotherapy C..,4.9,51,"14/646A, 42nd Street Phase II, Sathuvacheri, Vellore - 632009, Near Bhuvaneshwari Lodge"
Fitness_centers,A J Fitness,4.5,51,"2, Chennai Salai, Vellore Engg College, Vellore - 632014, Opposite VIT Hallmart"
Fitness_centers,Kolors Health Care,4.6,36,"elwood, 2nd Floor, Katpadi to Vellore Main Road, Virudhambattu, Vellore - 632006, Opposite Woodlux Furniture"
Fitness_centers,Sai Fitness Studio,4.6,36," 76 2nd  Floor  South Avenue Road, Sathuvacheri, Vellore - 632009, Near Court Next"
Fitness_centers,B Fit Fitness Centre,4.3,222,"ind Bombay Ananda Bhavan, Mathi Nagar Road, Katpadi, Gandhi Nagar, Vellore - 632006"
Fitness_centers,Cosmic Yoga Studios,4.8,222,"gam Residency, Sankaranpalayam, Vellore - 632001, Opposite to Petrol Bunk"
Fitness_centers,Stayoung Fitness Equipments,4.7,28,"14 Bharathidasan Street, Arcot Byepass, Ranipet Vellore, Vellore - 632509, Near SSS College"
Fitness_centers,V Fitness Club,4.6,28,"7, 42nd Street, Phase 2, Sathuvacheri, Vellore - 632009, Near By Bombay Aananda Bhavan"
Fitness_centers,Snap Fitness,4.2,5,"36 2nd Floor, RPM Street, Sankaranpalayam, Vellore - 632001, LG Showroom"
Fitness_centers,OMS SCHOOL OF SILAMBAM-Vell..,4.7,5,"203, Phase 2, Nehru Nagar, Sathuvacheri, Vellore - 632009, Near RTO Office"
Fitness_centers,Shree Nidhi Physiotherapy C..,4.9,51,"14/646A, 42nd Street Phase II, Sathuvacheri, Vellore - 632009, Near Bhuvaneshwari Lodge"
Fitness_centers,A J Fitness,4.5,51,"2, Chennai Salai, Vellore Engg College, Vellore - 632014, Opposite VIT Hallmart"
Fitness_centers,Kolors Health Care,4.6,36,"elwood, 2nd Floor, Katpadi to Vellore Main Road, Virudhambattu, Vellore - 632006, Opposite Woodlux Furniture"
Fitness_centers,Sai Fitness Studio,4.6,36," 76 2nd  Floor  South Avenue Road, Sathuvacheri, Vellore - 632009, Near Court Next"
Fitness_centers,B Fit Fitness Centre,4.3,222,"ind Bombay Ananda Bhavan, Mathi Nagar Road, Katpadi, Gandhi Nagar, Vellore - 632006"
Fitness_centers,Cosmic Yoga Studios,4.8,222,"gam Residency, Sankaranpalayam, Vellore - 632001, Opposite to Petrol Bunk"
Fitness_centers,Stayoung Fitness Equipments,4.7,28,"14 Bharathidasan Street, Arcot Byepass, Ranipet Vellore, Vellore - 632509, Near SSS College"
Fitness_centers,V Fitness Club,4.6,28,"7, 42nd Street, Phase 2, Sathuvacheri, Vellore - 632009, Near By Bombay Aananda Bhavan"
Fitness_centers,Snap Fitness,4.2,5,"36 2nd Floor, RPM Street, Sankaranpalayam, Vellore - 632001, LG Showroom"
Fitness_centers,OMS SCHOOL OF SILAMBAM-Vell..,4.7,5,"203, Phase 2, Nehru Nagar, Sathuvacheri, Vellore - 632009, Near RTO Office"
Fitness_centers,Shree Nidhi Physiotherapy C..,4.9,51,"14/646A, 42nd Street Phase II, Sathuvacheri, Vellore - 632009, Near Bhuvaneshwari Lodge"
Fitness_centers,A J Fitness,4.5,51,"2, Chennai Salai, Vellore Engg College, Vellore - 632014, Opposite VIT Hallmart"
Fitness_centers,Kolors Health Care,4.6,36,"elwood, 2nd Floor, Katpadi to Vellore Main Road, Virudhambattu, Vellore - 632006, Opposite Woodlux Furniture"
Fitness_centers,Sai Fitness Studio,4.6,36," 76 2nd  Floor  South Avenue Road, Sathuvacheri, Vellore - 632009, Near Court Next"
Fitness_centers,B Fit Fitness Centre,4.3,222,"ind Bombay Ananda Bhavan, Mathi Nagar Road, Katpadi, Gandhi Nagar, Vellore - 632006"
Fitness_centers,Cosmic Yoga Studios,4.8,222,"gam Residency, Sankaranpalayam, Vellore - 632001, Opposite to Petrol Bunk"
Fitness_centers,Stayoung Fitness Equipments,4.7,28,"14 Bharathidasan Street, Arcot Byepass, Ranipet Vellore, Vellore - 632509, Near SSS College"
Fitness_centers,V Fitness Club,4.6,28,"7, 42nd Street, Phase 2, Sathuvacheri, Vellore - 632009, Near By Bombay Aananda Bhavan"
Fitness_centers,Snap Fitness,4.2,5,"36 2nd Floor, RPM Street, Sankaranpalayam, Vellore - 632001, LG Showroom"
Fitness_centers,OMS SCHOOL OF SILAMBAM-Vell..,4.7,5,"203, Phase 2, Nehru Nagar, Sathuvacheri, Vellore - 632009, Near RTO Office"
Fitness_centers,Shree Nidhi Physiotherapy C..,4.9,51,"14/646A, 42nd Street Phase II, Sathuvacheri, Vellore - 632009, Near Bhuvaneshwari Lodge"
Fitness_centers,A J Fitness,4.5,51,"2, Chennai Salai, Vellore Engg College, Vellore - 632014, Opposite VIT Hallmart"
Fitness_centers,Kolors Health Care,4.6,36,"elwood, 2nd Floor, Katpadi to Vellore Main Road, Virudhambattu, Vellore - 632006, Opposite Woodlux Furniture"
Fitness_centers,Sai Fitness Studio,4.6,36," 76 2nd  Floor  South Avenue Road, Sathuvacheri, Vellore - 632009, Near Court Next"
Fitness_centers,B Fit Fitness Centre,4.3,222,"ind Bombay Ananda Bhavan, Mathi Nagar Road, Katpadi, Gandhi Nagar, Vellore - 632006"
Fitness_centers,Cosmic Yoga Studios,4.8,222,"gam Residency, Sankaranpalayam, Vellore - 632001, Opposite to Petrol Bunk"
Fitness_centers,Stayoung Fitness Equipments,4.7,28,"14 Bharathidasan Street, Arcot Byepass, Ranipet Vellore, Vellore - 632509, Near SSS College"
Fitness_centers,V Fitness Club,4.6,28,"7, 42nd Street, Phase 2, Sathuvacheri, Vellore - 632009, Near By Bombay Aananda Bhavan"
Fitness_centers,Snap Fitness,4.2,5,"36 2nd Floor, RPM Street, Sankaranpalayam, Vellore - 632001, LG Showroom"
Fitness_centers,OMS SCHOOL OF SILAMBAM-Vell..,4.7,5,"203, Phase 2, Nehru Nagar, Sathuvacheri, Vellore - 632009, Near RTO Office"
Fitness_centers,Shree Nidhi Physiotherapy C..,4.9,51,"14/646A, 42nd Street Phase II, Sathuvacheri, Vellore - 632009, Near Bhuvaneshwari Lodge"
Fitness_centers,A J Fitness,4.5,51,"2, Chennai Salai, Vellore Engg College, Vellore - 632014, Opposite VIT Hallmart"
Fitness_centers,Kolors Health Care,4.6,36,"elwood, 2nd Floor, Katpadi to Vellore Main Road, Virudhambattu, Vellore - 632006, Opposite Woodlux Furniture"
Fitness_centers,Sai Fitness Studio,4.6,36," 76 2nd  Floor  South Avenue Road, Sathuvacheri, Vellore - 632009, Near Court Next"
Fitness_centers,B Fit Fitness Centre,4.3,222,"ind Bombay Ananda Bhavan, Mathi Nagar Road, Katpadi, Gandhi Nagar, Vellore - 632006"
Fitness_centers,Cosmic Yoga Studios,4.8,222,"gam Residency, Sankaranpalayam, Vellore - 632001, Opposite to Petrol Bunk"
Fitness_centers,Stayoung Fitness Equipments,4.7,28,"14 Bharathidasan Street, Arcot Byepass, Ranipet Vellore, Vellore - 632509, Near SSS College"
Fitness_centers,V Fitness Club,4.6,28,"7, 42nd Street, Phase 2, Sathuvacheri, Vellore - 632009, Near By Bombay Aananda Bhavan"
Fitness_centers,Snap Fitness,4.2,5,"36 2nd Floor, RPM Street, Sankaranpalayam, Vellore - 632001, LG Showroom"
Fitness_centers,OMS SCHOOL OF SILAMBAM-Vell..,4.7,5,"203, Phase 2, Nehru Nagar, Sathuvacheri, Vellore - 632009, Near RTO Office"
Fitness_centers,Shree Nidhi Physiotherapy C..,4.9,51,"14/646A, 42nd Street Phase II, Sathuvacheri, Vellore - 632009, Near Bhuvaneshwari Lodge"
Fitness_centers,A J Fitness,4.5,51,"2, Chennai Salai, Vellore Engg College, Vellore - 632014, Opposite VIT Hallmart"
Fitness_centers,Kolors Health Care,4.6,36,"elwood, 2nd Floor, Katpadi to Vellore Main Road, Virudhambattu, Vellore - 632006, Opposite Woodlux Furniture"
Fitness_centers,Sai Fitness Studio,4.6,36," 76 2nd  Floor  South Avenue Road, Sathuvacheri, Vellore - 632009, Near Court Next"
